speaker	lang	ltype	ave_ttr	se	nmessages	to_whom
Paulfromitaly	Italian	L1	0.665	0.07729812416870152	4.0	to_L1
Paulfromitaly	Italian	L1	0.665	0.15499999999999994	2.0	to_L2
Angel.Aura	Italian	L1	0.75	0.0	1.0	to_L1
Angel.Aura	Italian	L1	0.785	0.015000000000000012	2.0	to_L2
francisgranada	Hungarian	L2	0.7866666666666666	0.027162065049951147	6.0	to_L1
francisgranada	Hungarian	L2	0.7233333333333333	0.024037008503093284	3.0	to_L2
Passante	italian	L1	0.74	0.10999999999999997	2.0	to_L1
Passante	italian	L1	0.755	0.04500000000000005	2.0	to_L2
bearded	Italian	L2	0.7406666666666667	0.0213912903207661	15.0	to_L1
bearded	Italian	L2	0.7491666666666666	0.008118610456771057	24.0	to_L2
TheCrociato91	Italian - Northern Italy	L2	0.7466666666666667	0.027284509239574855	3.0	to_L1
TheCrociato91	Italian - Northern Italy	L2	0.7228571428571428	0.028511842628424204	7.0	to_L2
Necsus	Italian (Italy)	L2	0.7686206896551725	0.01024002744390751	29.0	to_L1
Necsus	Italian (Italy)	L2	0.7555172413793103	0.012182784903464264	29.0	to_L2
giginho	Italiano & Piemontese	L1	0.765	0.015000000000000012	2.0	to_L1
giginho	Italiano & Piemontese	L1	0.6566666666666666	0.01626174789020063	6.0	to_L2
ohbice	italiano	L1	0.7625000000000001	0.016007810593582136	4.0	to_L1
ohbice	italiano	L1	0.7024999999999999	0.02085237225285	8.0	to_L2
xeneize	Italian	L2	0.6666666666666666	0.05696002496878356	3.0	to_L1
xeneize	Italian	L2	0.7350000000000001	0.06499999999999999	2.0	to_L2
sabrinita85	Italian	L2	0.7666666666666666	0.04371625682867999	3.0	to_L1
sabrinita85	Italian	L2	0.7080000000000001	0.024779023386727737	5.0	to_L2
SunDraw	Veneto (Italia)	L1	0.7785714285714286	0.017103128567683784	7.0	to_L1
SunDraw	Veneto (Italia)	L1	0.758	0.021540659228538036	5.0	to_L2
zipp404	Bilingual English|Español	L1	0.72	0.030158312444893354	7.0	to_L1
zipp404	Bilingual English|Español	L1	0.6849999999999999	0.020374245755607492	14.0	to_L2
MünchnerFax	Italian, Italy	L1	0.7233333333333333	0.08337332373793858	6.0	to_L1
MünchnerFax	Italian, Italy	L1	0.776	0.026570660511172836	5.0	to_L2
irene.acler	Italiano	L2	0.81	0.0	1.0	to_L1
irene.acler	Italiano	L2	0.7366666666666667	0.03844187531556932	3.0	to_L2
stella_maris_74	Italian - Italy	L1	0.7544444444444445	0.021220476949760314	9.0	to_L1
stella_maris_74	Italian - Italy	L1	0.7975	0.016520189667999157	4.0	to_L2
vega3131	Italian	L2	0.72	0.0	1.0	to_L1
vega3131	Italian	L2	0.65	0.0	1.0	to_L2
annapo	Italian	L2	0.635	0.06499999999999999	2.0	to_L1
annapo	Italian	L2	0.795	0.015000000000000012	2.0	to_L2
Giorgino	Italian	L1	0.835	0.024999999999999963	2.0	to_L1
Giorgino	Italian	L1	0.7	0.0	1.0	to_L2
moodywop	Italian - Italy	L1	0.765	0.0050000000000000044	2.0	to_L1
moodywop	Italian - Italy	L1	0.675	0.044999999999999984	2.0	to_L2
Saoul	Italian	L1	0.7466666666666667	0.016666666666666684	3.0	to_L1
Saoul	Italian	L1	0.6980000000000001	0.013928388277184112	5.0	to_L2
dragonseven	italiano	L1	0.7314285714285713	0.01624640200879237	7.0	to_L1
dragonseven	italiano	L1	0.7345454545454545	0.023754947288115728	11.0	to_L2
infinite sadness	italiano	L2	0.64	0.0	1.0	to_L1
infinite sadness	italiano	L2	0.64	0.010000000000000009	2.0	to_L2
olaszinho	Central Italian	L2	0.84	0.0	1.0	to_L1
olaszinho	Central Italian	L2	0.75	0.0	1.0	to_L2
Stiannu	Italy, Italian	L2	0.82	0.0	1.0	to_L1
Stiannu	Italy, Italian	L2	0.73	0.010000000000000009	2.0	to_L2
la italianilla	Italia	L2	0.78375	0.02705401343344722	8.0	to_L1
la italianilla	Italia	L2	0.72	0.010000000000000009	2.0	to_L2
panzona	Italian	L1	0.73	0.0	1.0	to_L1
panzona	Italian	L1	0.76	0.04795831523312719	4.0	to_L2
Anja.Ann	Italian	L1	0.77	0.0	2.0	to_L1
Anja.Ann	Italian	L1	0.7622222222222224	0.019563129846287792	9.0	to_L2
Nino83	Italian	L2	0.6375	0.020564937798755106	4.0	to_L1
Nino83	Italian	L2	0.5750000000000001	0.03972824352187413	6.0	to_L2
Sempervirens	italiano	L1	0.71	0.01527525231651948	3.0	to_L1
Sempervirens	italiano	L1	0.76	0.015735915849388864	7.0	to_L2
Palmiro Premoli	Italiano	L1	0.68	0.0	1.0	to_L1
Palmiro Premoli	Italiano	L1	0.8	0.0	1.0	to_L2
tie-break	Italy	L2	0.7450000000000001	0.06499999999999999	2.0	to_L1
tie-break	Italy	L2	0.755	0.08499999999999996	2.0	to_L2
facciadipietra	Italian (northern, southern and central background)	L1	0.78	0.0	1.0	to_L1
facciadipietra	Italian (northern, southern and central background)	L1	0.7966666666666667	0.029627314724385297	3.0	to_L2
VogaVenessian	Italiano	L1	0.815	0.011902380714238067	4.0	to_L1
VogaVenessian	Italiano	L1	0.7250000000000001	0.029580398915498084	4.0	to_L2
Connie Eyeland	Italiano	L1	0.75125	0.014446638264414906	8.0	to_L1
Connie Eyeland	Italiano	L1	0.73625	0.014968717379922704	16.0	to_L2
rocamadour	Italian	L2	0.7949999999999999	0.075	2.0	to_L1
rocamadour	Italian	L2	0.67	0.0	1.0	to_L2
Hermocrates	Italian & British English (bilingual)	L1	0.7733333333333334	0.017638342073763955	3.0	to_L1
Hermocrates	Italian & British English (bilingual)	L1	0.75	0.020248456731316603	5.0	to_L2
matoupaschat	Français (Belgique)	L1	0.77	0.0	1.0	to_L1
matoupaschat	Français (Belgique)	L1	0.7928571428571429	0.016141382149217415	7.0	to_L2
saltapicchio	Italia (Roma) - Italiano	L1	0.7400000000000001	0.03605551275463989	3.0	to_L1
saltapicchio	Italia (Roma) - Italiano	L1	0.6366666666666666	0.11333333333333336	3.0	to_L2
rainbowizard	Italian - Italy	L1	0.845	0.0050000000000000044	2.0	to_L1
rainbowizard	Italian - Italy	L1	0.7075	0.025617376914899	4.0	to_L2
ursu-lab	italian, catalan & spanish	L1	0.7566666666666667	0.013333333333333346	3.0	to_L1
ursu-lab	italian, catalan & spanish	L1	0.745	0.015496822743759936	12.0	to_L2
Agró	Spanish-Navarre	L1	0.7135897435897436	0.010016768528455459	39.0	to_L1
Agró	Spanish-Navarre	L1	0.7200000000000001	0.015460638377225534	27.0	to_L2
itka	français	L1	0.6675	0.050228643886398784	4.0	to_L1
itka	français	L1	0.6841463414634147	0.014193676064154708	41.0	to_L2
daniele712	Italia	L1	0.74	0.040000000000000036	2.0	to_L1
daniele712	Italia	L1	0.8	0.0	1.0	to_L2
Kraus	Italian, Italy	L2	0.81	0.0	1.0	to_L1
Kraus	Italian, Italy	L2	0.78	0.0	1.0	to_L2
pedro_trionix	Spanish and Galician	L1	0.77	0.0	1.0	to_L1
pedro_trionix	Spanish and Galician	L1	0.69	0.0	1.0	to_L2
frugnaglio	Italian	L2	0.7	0.019999999999999962	2.0	to_L1
frugnaglio	Italian	L2	0.8	0.0	1.0	to_L2
violadaprile	italian	L1	0.7575000000000001	0.020564937798755126	4.0	to_L1
violadaprile	italian	L1	0.705	0.030956959368344517	6.0	to_L2
giusyna	italian	L1	0.74	0.030000000000000023	2.0	to_L1
giusyna	italian	L1	0.72	0.030000000000000023	2.0	to_L2
Astropolyp	Italian - Tuscany	L1	0.6875	0.05281650625830274	4.0	to_L1
Astropolyp	Italian - Tuscany	L1	0.83	0.0	1.0	to_L2
dôghen	italiano	L1	0.8049999999999999	0.024999999999999963	2.0	to_L1
dôghen	italiano	L1	0.7625	0.061829739338498495	4.0	to_L2
Alemanita	German, Germany	L2	0.68	0.0	1.0	to_L1
Alemanita	German, Germany	L2	0.705	0.015000000000000012	2.0	to_L2
quasi.stellar	italiano - italiano	L1	0.64	0.0	1.0	to_L1
quasi.stellar	italiano - italiano	L1	0.72	0.010000000000000009	2.0	to_L2
Silvia10975	italiano (Toscana-Italia)	L2	0.72	0.0	1.0	to_L1
Silvia10975	italiano (Toscana-Italia)	L2	0.8	0.0	1.0	to_L2
0scar	Spanish-Argentina	L1	0.65	0.0	1.0	to_L1
0scar	Spanish-Argentina	L1	0.72	0.0	1.0	to_L2
niklavjus	Italiano (Italia)	L1	0.77	0.0	1.0	to_L1
niklavjus	Italiano (Italia)	L1	0.58	0.0	1.0	to_L2
Pugnator	Neapoilitan (Naples) / Italian (Italy)	L1	0.71	0.0	1.0	to_L1
Pugnator	Neapoilitan (Naples) / Italian (Italy)	L1	0.85	0.0	2.0	to_L2
chipulukusu	Italian	L1	0.7125	0.02868652413009751	4.0	to_L1
chipulukusu	Italian	L1	0.6980000000000001	0.018275666882497054	5.0	to_L2
Kaxgufen	Castellano de Argentina	L1	0.5825	0.11862932464895293	4.0	to_L1
Kaxgufen	Castellano de Argentina	L1	0.6837500000000001	0.011232064556151214	32.0	to_L2
flljob	México español	L1	0.6842857142857144	0.03308410227177476	7.0	to_L1
flljob	México español	L1	0.7100000000000001	0.03646916505762093	5.0	to_L2
pantarhei	Italiano	L1	0.83	0.0	1.0	to_L1
pantarhei	Italiano	L1	0.67	0.0	1.0	to_L2
winnie	italy, italian	L1	0.74	0.0	1.0	to_L1
winnie	italy, italian	L1	0.78	0.06	2.0	to_L2
femmejolie	Spanish (Spain)	L1	0.735	0.035000000000000024	2.0	to_L1
femmejolie	Spanish (Spain)	L1	0.664	0.04166533331199931	5.0	to_L2
Pitt	German	L2	0.6833333333333332	0.042557151116012354	3.0	to_L1
Pitt	German	L2	0.665	0.03499999999999997	2.0	to_L2
Elxenc	català/valencià	L2	0.7392857142857142	0.010134495857191662	14.0	to_L1
Elxenc	català/valencià	L2	0.7045454545454546	0.01364242289622114	11.0	to_L2
Sprocedato	Italian - Rome	L2	0.77	0.0	1.0	to_L1
Sprocedato	Italian - Rome	L2	0.79	0.0	1.0	to_L2
Huginn	Italian	L1	0.9	0.0	1.0	to_L1
Huginn	Italian	L1	0.72	0.0	1.0	to_L2
Cristina.	Spain-Spanish	L1	0.758	0.021307275752662516	5.0	to_L1
Cristina.	Spain-Spanish	L1	0.7183333333333334	0.02925937646483792	6.0	to_L2
nand-o	European Spanish	L1	0.74	0.0	1.0	to_L1
nand-o	European Spanish	L1	0.54	0.0	1.0	to_L2
merquiades	English (US Northeast)	L2	0.71	0.0	1.0	to_L1
merquiades	English (US Northeast)	L2	0.65	0.0	1.0	to_L2
oirelav	italian	L1	0.76	0.0	1.0	to_L1
oirelav	italian	L1	0.77	0.0	1.0	to_L2
Rise up	Español	L1	0.71	0.0	1.0	to_L1
Rise up	Español	L1	0.6	0.0	1.0	to_L2
chlapec	Galician & Spanish-Spain	L1	0.74	0.0	1.0	to_L1
chlapec	Galician & Spanish-Spain	L1	0.76	0.0	1.0	to_L2
Adolfo Afogutu	Español	L1	0.7129032258064517	0.01439977261160892	31.0	to_L1
Adolfo Afogutu	Español	L1	0.69125	0.013119718599460593	32.0	to_L2
otherwise	Italiano - Italia	L2	0.86	0.0	1.0	to_L1
otherwise	Italiano - Italia	L2	0.61	0.05033222956847166	3.0	to_L2
pollonia	Italiano	L1	0.84	0.0	1.0	to_L1
pollonia	Italiano	L1	0.69	0.0	1.0	to_L2
Corsicum	Corsu in casa è u Francese à scola	L2	0.7375	0.03816084380618436	4.0	to_L1
Corsicum	Corsu in casa è u Francese à scola	L2	0.7054545454545456	0.021840897266102183	11.0	to_L2
Neretva	Spanish-Spanish	L1	0.74	0.0	1.0	to_L1
Neretva	Spanish-Spanish	L1	0.74	0.0	1.0	to_L2
AnaHugo	Mexican Spanish	L1	0.77	0.0	1.0	to_L1
AnaHugo	Mexican Spanish	L1	0.5	0.0	1.0	to_L2
Pinairun	Castellano	L1	0.6841176470588234	0.009530864086860881	51.0	to_L1
Pinairun	Castellano	L1	0.6812500000000001	0.015987331173917554	32.0	to_L2
Pixidio	Español	L1	0.71	0.010180194675759575	11.0	to_L1
Pixidio	Español	L1	0.6829999999999997	0.008881726041218807	30.0	to_L2
woosh	español	L1	0.7	0.019999999999999962	2.0	to_L1
woosh	español	L1	0.72	0.030000000000000023	2.0	to_L2
Kerena	Spanish	L1	0.7949999999999999	0.03499999999999997	2.0	to_L1
Kerena	Spanish	L1	0.655	0.015000000000000012	2.0	to_L2
Aoyama	français Clodoaldien	L2	0.71	0.14	2.0	to_L1
Aoyama	français Clodoaldien	L2	0.6966666666666667	0.026034165586355507	3.0	to_L2
Eva Maria	Catalonia / Spain (Catalan / Spanish)	L1	0.76	0.0	1.0	to_L1
Eva Maria	Catalonia / Spain (Catalan / Spanish)	L1	0.65	0.020000000000000018	2.0	to_L2
Cecilio	Spanish, Valencian/Catalan	L1	0.7400000000000001	0.04509249752822895	3.0	to_L1
Cecilio	Spanish, Valencian/Catalan	L1	0.6933333333333334	0.020275875100994056	3.0	to_L2
Surinam del Nord	Español - España	L1	0.6722222222222222	0.018691782045845245	9.0	to_L1
Surinam del Nord	Español - España	L1	0.7122222222222222	0.012993350626140552	9.0	to_L2
esteban	Colombia Spanish	L1	0.7	0.0	1.0	to_L1
esteban	Colombia Spanish	L1	0.56	0.0	1.0	to_L2
snarkhunter	French - France	L1	0.7718181818181816	0.01110431380698362	11.0	to_L1
snarkhunter	French - France	L1	0.7572222222222221	0.005274080444852068	90.0	to_L2
OLN	French - France,  ♀	L1	0.67	0.022401298663653004	11.0	to_L1
OLN	French - France,  ♀	L1	0.6824324324324325	0.009449510820698224	74.0	to_L2
Nanon	français (France)	L2	0.745	0.015000000000000012	2.0	to_L1
Nanon	français (France)	L2	0.745	0.01180193688704165	14.0	to_L2
Maître Capello	French – Switzerland	L1	0.6829166666666667	0.01772862222209385	24.0	to_L1
Maître Capello	French – Switzerland	L1	0.6203636363636365	0.015079952210722877	55.0	to_L2
nicduf	français	L1	0.675	0.024999999999999963	2.0	to_L1
nicduf	français	L1	0.6892307692307694	0.023978129416935466	13.0	to_L2
Thomas1	polszczyzna warszawska	L2	0.79	0.0	1.0	to_L1
Thomas1	polszczyzna warszawska	L2	0.65	0.0	1.0	to_L2
DearPrudence	French (lower Normandy)	L2	0.8300000000000001	0.01999999999999998	3.0	to_L1
DearPrudence	French (lower Normandy)	L2	0.716923076923077	0.019127930155444377	13.0	to_L2
Piotr Ivanovitch	France	L1	0.7533333333333333	0.006666666666666672	3.0	to_L1
Piotr Ivanovitch	France	L1	0.7200000000000001	0.01020949905567075	32.0	to_L2
Yendred	Français - France	L2	0.58	0.0	1.0	to_L1
Yendred	Français - France	L2	0.6826923076923077	0.018174857462631786	26.0	to_L2
SergueiL	Français	L1	0.7216666666666667	0.011948965552623278	6.0	to_L1
SergueiL	Français	L1	0.7266101694915256	0.01098484735399196	59.0	to_L2
Bezoard	French - France	L1	0.735	0.035000000000000024	2.0	to_L1
Bezoard	French - France	L1	0.6375000000000001	0.04479118216792229	4.0	to_L2
Chimel	Français	L1	0.7445454545454545	0.013098482657693006	11.0	to_L1
Chimel	Français	L1	0.7440000000000004	0.007388224318864351	55.0	to_L2
Gérard Napalinex	French - France	L1	0.66	0.0	1.0	to_L1
Gérard Napalinex	French - France	L1	0.77	0.0	1.0	to_L2
J.F. de TROYES	francais-France	L1	0.7399999999999999	0.023094010767585053	3.0	to_L1
J.F. de TROYES	francais-France	L1	0.7257894736842104	0.01693323299931741	19.0	to_L2
Calamitintin	France, St Maix les bains, 79	L2	0.74	0.0	1.0	to_L1
Calamitintin	France, St Maix les bains, 79	L2	0.67	0.0608276253029822	5.0	to_L2
Lacuzon	French - France	L1	0.6575000000000001	0.04210601698886592	4.0	to_L1
Lacuzon	French - France	L1	0.656896551724138	0.01357431151377014	29.0	to_L2
tilt	French French	L1	0.71625	0.02309175538296443	16.0	to_L1
tilt	French French	L1	0.7330952380952381	0.009821212998725227	42.0	to_L2
CapnPrep	AmE	L2	0.8016666666666666	0.015147423690002342	6.0	to_L1
CapnPrep	AmE	L2	0.7575	0.026575364531836624	4.0	to_L2
CABEZOTA	french	L2	0.7733333333333334	0.014529663145135593	3.0	to_L1
CABEZOTA	french	L2	0.7266666666666666	0.02800793538346668	6.0	to_L2
olivier68	French Paris France	L1	0.78	0.0	1.0	to_L1
olivier68	French Paris France	L1	0.71	0.0	1.0	to_L2
volo	français	L2	0.7233333333333333	0.03282952600598701	3.0	to_L1
volo	français	L2	0.730566037735849	0.008252259638384205	53.0	to_L2
k@t	Français de France	L1	0.75	0.0	1.0	to_L1
k@t	Français de France	L1	0.6843478260869564	0.01853131189463322	23.0	to_L2
plantin	français	L1	0.7125000000000001	0.06169481339626533	4.0	to_L1
plantin	français	L1	0.7371698113207545	0.01000862240205082	53.0	to_L2
Punky Zoé	France - français	L1	0.7300000000000001	0.02070719388975432	12.0	to_L1
Punky Zoé	France - français	L1	0.7339344262295083	0.008020733680395799	61.0	to_L2
Stefan Ivanovich	French	L1	0.69	0.0	1.0	to_L1
Stefan Ivanovich	French	L1	0.56	0.06782329983125268	4.0	to_L2
Anne345	France	L1	0.722857142857143	0.034895373258211924	7.0	to_L1
Anne345	France	L1	0.725	0.014317821063276366	6.0	to_L2
Gwynplaine	French	L1	0.66	0.0	1.0	to_L1
Gwynplaine	French	L1	0.705	0.025980762113533167	4.0	to_L2
Donaldos	French - France	L1	0.74	0.018973665961010293	5.0	to_L1
Donaldos	French - France	L1	0.7362500000000001	0.01726931286029258	16.0	to_L2
Juan Jacob Vilalta	Español/Francés	L1	0.775	0.0050000000000000044	2.0	to_L1
Juan Jacob Vilalta	Español/Francés	L1	0.8200000000000001	0.019999999999999962	2.0	to_L2
germanbz	Spanish-Spain/Catalan (Val)	L1	0.67	0.020816659994661323	3.0	to_L1
germanbz	Spanish-Spain/Catalan (Val)	L1	0.6784615384615384	0.019276867824833333	13.0	to_L2
Frenchrescue	French	L1	0.67	0.0	1.0	to_L1
Frenchrescue	French	L1	0.61	0.040000000000000036	2.0	to_L2
Xence	Algeria (Arabic - French)	L1	0.73	0.0	1.0	to_L1
Xence	Algeria (Arabic - French)	L1	0.7358333333333333	0.011899728373098916	12.0	to_L2
geostan	English Canada	L2	0.675	0.044999999999999984	2.0	to_L1
geostan	English Canada	L2	0.76	0.06	2.0	to_L2
Asmodée	Français	L1	0.72	0.0	1.0	to_L1
Asmodée	Français	L1	0.726	0.02942787793912432	5.0	to_L2
quinoa	french	L1	0.67	0.005773502691896263	3.0	to_L1
quinoa	french	L1	0.6666666666666666	0.023430533476425555	12.0	to_L2
Comtois	Français	L1	0.7	0.0	1.0	to_L1
Comtois	Français	L1	0.7204761904761906	0.015313800039680836	21.0	to_L2
Logospreference-1	français	L1	0.7171428571428571	0.022647851334464987	7.0	to_L1
Logospreference-1	français	L1	0.6945985401459857	0.006102226503245362	137.0	to_L2
Roméo31	français - France	L1	0.75	0.025884358211089573	5.0	to_L1
Roméo31	français - France	L1	0.7278787878787878	0.012856710131625114	33.0	to_L2
geve	France, French	L1	0.7666666666666666	0.029627314724385324	3.0	to_L1
geve	France, French	L1	0.711	0.021982316125063406	10.0	to_L2
LV4-26	France French	L1	0.51	0.010000000000000009	2.0	to_L1
LV4-26	France French	L1	0.731	0.012921958500717024	30.0	to_L2
Nicomon	Français, Québec ♀	L2	0.7075	0.040491768710854484	4.0	to_L1
Nicomon	Français, Québec ♀	L2	0.7425	0.028686524130097535	4.0	to_L2
IlEnAppert	Allemand	L2	0.59	0.0	1.0	to_L1
IlEnAppert	Allemand	L2	0.715	0.025000000000000022	2.0	to_L2
Marie3933	français	L2	0.7366666666666667	0.006666666666666672	3.0	to_L1
Marie3933	français	L2	0.6612499999999999	0.029181543824821875	8.0	to_L2
CARNESECCHI	French / France	L1	0.64	0.0	1.0	to_L1
CARNESECCHI	French / France	L1	0.5633333333333334	0.09207484877955424	3.0	to_L2
josepbadalona	France/français	L2	0.73	0.0	1.0	to_L1
josepbadalona	France/français	L2	0.77	0.0	1.0	to_L2
Little Chandler	español (ESP)	L1	0.76	0.030000000000000023	2.0	to_L1
Little Chandler	español (ESP)	L1	0.6925	0.046255630287926404	4.0	to_L2
Gévy	Français France	L2	0.79	0.0	1.0	to_L1
Gévy	Français France	L2	0.7266666666666666	0.016666666666666684	3.0	to_L2
Agnès E.	France, French	L1	0.7266666666666666	0.021858128414340025	3.0	to_L1
Agnès E.	France, French	L1	0.7114814814814816	0.016783383653696058	27.0	to_L2
Francois114	French - France	L1	0.7533333333333333	0.016666666666666684	3.0	to_L1
Francois114	French - France	L1	0.7154545454545455	0.02360137270135849	11.0	to_L2
chics	Catalan - Spanish	L1	0.74	0.030000000000000023	2.0	to_L1
chics	Catalan - Spanish	L1	0.69375	0.015111194998600017	8.0	to_L2
swift	Spanish – Costa Rica (Valle Central)	L1	0.7304878048780487	0.00879267446973647	41.0	to_L1
swift	Spanish – Costa Rica (Valle Central)	L1	0.711111111111111	0.010225844768749812	36.0	to_L2
xmarabout	French - Belgium	L1	0.46	0.0	1.0	to_L1
xmarabout	French - Belgium	L1	0.6446666666666668	0.017751369274259125	15.0	to_L2
luklamainfroide	French	L1	0.675	0.014999999999999958	2.0	to_L1
luklamainfroide	French	L1	0.6733333333333332	0.05238744548500572	3.0	to_L2
proyoyo	French - Cantonese	L1	0.63	0.0	1.0	to_L1
proyoyo	French - Cantonese	L1	0.7133333333333334	0.05547772325697748	3.0	to_L2
MarcusK	French	L1	0.71	0.0	1.0	to_L1
MarcusK	French	L1	0.48	0.0	1.0	to_L2
Cal inhibes	Spanish	L1	0.7071428571428572	0.02112483144077984	7.0	to_L1
Cal inhibes	Spanish	L1	0.6	0.10016652800877814	3.0	to_L2
JeanDeSponde	France, Français	L1	0.54	0.0	1.0	to_L1
JeanDeSponde	France, Français	L1	0.6712499999999999	0.04962133397757748	8.0	to_L2
Michelvar	French from France	L1	0.75	0.0	1.0	to_L1
Michelvar	French from France	L1	0.6823076923076924	0.01415635429282219	26.0	to_L2
Grop	français	L1	0.62	0.0	1.0	to_L1
Grop	français	L1	0.7075	0.036142080737002404	4.0	to_L2
Me-K	french	L1	0.795	0.0050000000000000044	2.0	to_L1
Me-K	french	L1	0.738	0.019203174340767327	15.0	to_L2
xav	France	L1	0.77	0.0	1.0	to_L1
xav	France	L1	0.7625	0.02780137886268713	4.0	to_L2
StefKE	French - Belgium	L1	0.76	0.0	1.0	to_L1
StefKE	French - Belgium	L1	0.6766666666666666	0.048074017006186534	3.0	to_L2
Cintia&Martine	Français	L2	0.74	0.030000000000000023	2.0	to_L1
Cintia&Martine	Français	L2	0.740909090909091	0.01179017660863526	11.0	to_L2
Grégory80	French	L1	0.68	0.0	1.0	to_L1
Grégory80	French	L1	0.685	0.014999999999999958	2.0	to_L2
jann	English - USA	L2	0.745	0.025000000000000022	2.0	to_L1
jann	English - USA	L2	0.6846153846153846	0.02052563702173282	13.0	to_L2
lectrice	Russian/Moscow	L2	0.76	0.0	1.0	to_L1
lectrice	Russian/Moscow	L2	0.7	0.0	1.0	to_L2
Kaitchou23	French - France	L1	0.78	0.0	1.0	to_L1
Kaitchou23	French - France	L1	0.7050000000000001	0.054999999999999986	2.0	to_L2
nopal	french of FRANCE	L1	0.73	0.0	1.0	to_L1
nopal	french of FRANCE	L1	0.7583333333333334	0.014240006242195883	6.0	to_L2
Víctor Pérez	Español peninsular Français	L1	0.715	0.010878112581387142	6.0	to_L1
Víctor Pérez	Español peninsular Français	L1	0.6654545454545455	0.019742139350022385	11.0	to_L2
Jeanne75	French - France	L1	0.7	0.0	1.0	to_L1
Jeanne75	French - France	L1	0.728	0.025681813712344296	10.0	to_L2
agnelo	French	L1	0.75	0.0	1.0	to_L1
agnelo	French	L1	0.7125	0.024694562732946467	8.0	to_L2
Domtom	español, català	L1	0.665	0.015000000000000012	2.0	to_L1
Domtom	español, català	L1	0.687142857142857	0.021874481379813168	14.0	to_L2
Talant	Spanish-ES	L1	0.7242857142857143	0.011308897225750406	7.0	to_L1
Talant	Spanish-ES	L1	0.6588235294117647	0.016953273867005406	17.0	to_L2
lamy08	French	L1	0.6799999999999999	0.08000000000000002	2.0	to_L1
lamy08	French	L1	0.712	0.05063595560468865	5.0	to_L2
utrerana	español	L1	0.8	0.0	1.0	to_L1
utrerana	español	L1	0.67	0.010000000000000009	2.0	to_L2
Lusios	french	L1	0.76	0.0	1.0	to_L1
Lusios	french	L1	0.7366666666666667	0.017638342073763955	3.0	to_L2
betikote	Español - España	L1	0.74	0.0	1.0	to_L1
betikote	Español - España	L1	0.5833333333333334	0.03527668414752788	3.0	to_L2
PhilFrEn	français - France	L1	0.64	0.0	1.0	to_L1
PhilFrEn	français - France	L1	0.754	0.023790754506740657	5.0	to_L2
Zampaglione	Français	L1	0.67	0.0	1.0	to_L1
Zampaglione	Français	L1	0.6716666666666667	0.04222295321004653	6.0	to_L2
benjbenj	french - France	L1	0.6950000000000001	0.014999999999999958	2.0	to_L1
benjbenj	french - France	L1	0.635	0.0050000000000000044	2.0	to_L2
Namarne	Spanish	L1	0.6907142857142857	0.013838912352021154	28.0	to_L1
Namarne	Spanish	L1	0.6908943089430896	0.0061933915179826415	123.0	to_L2
skop	français — France	L1	0.75	0.0	1.0	to_L1
skop	français — France	L1	0.7050000000000001	0.06499999999999999	2.0	to_L2
Destilleuls	french	L1	0.69	0.0	1.0	to_L1
Destilleuls	french	L1	0.76	0.0	1.0	to_L2
Doraemon-	"Spanish - Spain" "Catalan - Valencia"	L1	0.6699999999999999	0.020816659994661323	3.0	to_L1
Doraemon-	"Spanish - Spain" "Catalan - Valencia"	L1	0.6712499999999999	0.01986000107898141	8.0	to_L2
Miguelillo 87	México español	L1	0.6699999999999999	0.07	2.0	to_L1
Miguelillo 87	México español	L1	0.73	0.01527525231651948	3.0	to_L2
marcoszorrilla	Español - España	L1	0.75	0.0	1.0	to_L1
marcoszorrilla	Español - España	L1	0.725	0.03329164059239697	4.0	to_L2
enoo	French - France	L1	0.75	0.0	1.0	to_L1
enoo	French - France	L1	0.665	0.024999999999999963	2.0	to_L2
Rushes	French - France	L1	0.78	0.0	1.0	to_L1
Rushes	French - France	L1	0.77	0.0	1.0	to_L2
Orbayu	Español-España	L1	0.558	0.03679673898594821	5.0	to_L1
Orbayu	Español-España	L1	0.6729411764705882	0.013632916099796223	17.0	to_L2
Wozzeck	French	L1	0.7050000000000001	0.054999999999999986	2.0	to_L1
Wozzeck	French	L1	0.62	0.0	1.0	to_L2
lospazio	Castellano - Argentina	L1	0.6525	0.04732423621500227	4.0	to_L1
lospazio	Castellano - Argentina	L1	0.595	0.044999999999999984	2.0	to_L2
boukli	French	L1	0.86	0.0	1.0	to_L1
boukli	French	L1	0.78	0.0	1.0	to_L2
Gamen	Spanish Argentina	L1	0.6585714285714286	0.027553287888551305	7.0	to_L1
Gamen	Spanish Argentina	L1	0.6495454545454545	0.017326471411405378	22.0	to_L2
Lampiste	Español	L1	0.76	0.020000000000000018	2.0	to_L1
Lampiste	Español	L1	0.72	0.0	1.0	to_L2
xicranda	català, español	L1	0.75	0.0	1.0	to_L1
xicranda	català, español	L1	0.73	0.0	1.0	to_L2
Jaime Bien	Español/España	L1	0.6425000000000001	0.01937567203135588	16.0	to_L1
Jaime Bien	Español/España	L1	0.6707142857142857	0.014601664863297106	28.0	to_L2
sayah	Spain. Spanish	L1	0.7533333333333333	0.024037008503093284	3.0	to_L1
sayah	Spain. Spanish	L1	0.71	0.020000000000000018	2.0	to_L2
ManPaisa	AmE (New England) / español (Colombia)	L1	0.7266666666666668	0.023979157616563596	9.0	to_L1
ManPaisa	AmE (New England) / español (Colombia)	L1	0.77	0.020000000000000018	2.0	to_L2
Luis Albornoz	Castellano - Argentina	L1	0.6266666666666666	0.06984108946585654	3.0	to_L1
Luis Albornoz	Castellano - Argentina	L1	0.745	0.04500000000000005	2.0	to_L2
iran	ESPAÑOL, Basque	L1	0.6599999999999999	0.07	2.0	to_L1
iran	ESPAÑOL, Basque	L1	0.55	0.0	1.0	to_L2
pickypuck	Extremaduran Spanish	L1	0.7466666666666667	0.027284509239574855	3.0	to_L1
pickypuck	Extremaduran Spanish	L1	0.77	0.0	1.0	to_L2
ordequin	Castellano/ España	L1	0.775	0.00957427107756339	4.0	to_L1
ordequin	Castellano/ España	L1	0.75	0.0	1.0	to_L2
rocioteag	Español / México	L1	0.66	0.0	1.0	to_L1
rocioteag	Español / México	L1	0.6866666666666666	0.03382963855030739	3.0	to_L2
ampurdan	Català & español (Spain)	L1	0.6875	0.027499999999999993	4.0	to_L1
ampurdan	Català & español (Spain)	L1	0.7675000000000001	0.0217466472511665	4.0	to_L2
belén	Spanish, Spain, Catalan, Mallorca	L1	0.71	0.0	1.0	to_L1
belén	Spanish, Spain, Catalan, Mallorca	L1	0.6525000000000001	0.01839545751382272	8.0	to_L2
Calambur	Castellano (rioplatense) - Lunfardo	L1	0.7126923076923075	0.01682998873172704	26.0	to_L1
Calambur	Castellano (rioplatense) - Lunfardo	L1	0.7226470588235294	0.008707044533884425	34.0	to_L2
Antpax	Spanish    Spain	L1	0.7250000000000001	0.012931443160847215	10.0	to_L1
Antpax	Spanish    Spain	L1	0.6833333333333333	0.025221243250702588	9.0	to_L2
Camilo1964	Spanish - Venezuela	L1	0.71	0.030550504633038926	3.0	to_L1
Camilo1964	Spanish - Venezuela	L1	0.71	0.010801234497346443	4.0	to_L2
Fernando	Spain, Spanish	L1	0.7	0.010000000000000009	2.0	to_L1
Fernando	Spain, Spanish	L1	0.688	0.01593737745050922	5.0	to_L2
franzjekill	Español rioplatense	L1	0.62	0.0	1.0	to_L1
franzjekill	Español rioplatense	L1	0.58	0.0	1.0	to_L2
Miguel On Ojj	Castellano	L1	0.7126470588235294	0.010126726639417358	34.0	to_L1
Miguel On Ojj	Castellano	L1	0.6977358490566037	0.007994199227827122	53.0	to_L2
Bark	Español de España	L1	0.67	0.0	1.0	to_L1
Bark	Español de España	L1	0.6459999999999999	0.01266666666666667	10.0	to_L2
aceituna	Madrid (España) - castellano	L1	0.815	0.024999999999999963	2.0	to_L1
aceituna	Madrid (España) - castellano	L1	0.7733333333333334	0.016666666666666684	3.0	to_L2
ROSANGELUS	Español	L1	0.7333333333333334	0.008819171036881977	3.0	to_L1
ROSANGELUS	Español	L1	0.7033333333333333	0.028480012484391762	3.0	to_L2
Ludaico	España, español, murciano	L1	0.6900000000000001	0.05859465277082318	3.0	to_L1
Ludaico	España, español, murciano	L1	0.6878947368421052	0.01944521389674859	19.0	to_L2
Jonno	Castellano	L1	0.7188636363636364	0.006844821108972693	44.0	to_L1
Jonno	Castellano	L1	0.6978417266187049	0.005065273643135807	139.0	to_L2
oa2169	Español	L1	0.7192307692307692	0.01711430420098999	13.0	to_L1
oa2169	Español	L1	0.74	0.0382099463490856	5.0	to_L2
chileno	Castellano - Chile	L1	0.6	0.0	1.0	to_L1
chileno	Castellano - Chile	L1	0.67	0.0	1.0	to_L2
Saúl Ortega	Español	L1	0.6625	0.024330316186073	8.0	to_L1
Saúl Ortega	Español	L1	0.6177272727272727	0.021400447239953917	22.0	to_L2
Aviador	Castellano de Chile	L1	0.6659999999999999	0.01174734012447073	25.0	to_L1
Aviador	Castellano de Chile	L1	0.6453571428571429	0.0167812106983343	28.0	to_L2
soplamocos	Español rioplatense	L1	0.6857142857142858	0.01835888519546038	14.0	to_L1
soplamocos	Español rioplatense	L1	0.6758536585365855	0.012405622298151842	41.0	to_L2
lavecilla	Español	L1	0.7200000000000001	7.850462293418875e-17	3.0	to_L1
lavecilla	Español	L1	0.7033333333333333	0.008819171036881977	3.0	to_L2
cacarulo	Buenos Aires, Argentina * Español	L1	0.7366666666666667	0.011450376024878459	6.0	to_L1
cacarulo	Buenos Aires, Argentina * Español	L1	0.614375	0.026567033926779754	16.0	to_L2
Colchonero	Español	L1	0.74	0.0	1.0	to_L1
Colchonero	Español	L1	0.71	0.02516611478423583	4.0	to_L2
ErOtto	Bilingual: Spanish (Spain) / German (Germany)	L1	0.74	0.0	1.0	to_L1
ErOtto	Bilingual: Spanish (Spain) / German (Germany)	L1	0.6633333333333332	0.04055175020198814	3.0	to_L2
blasita	Spain. Left four years ago	L2	0.7275	0.029545163168726404	4.0	to_L1
blasita	Spain. Left four years ago	L2	0.7114285714285714	0.020520439453728806	7.0	to_L2
ukimix	español	L1	0.6840625000000002	0.014346373143726337	32.0	to_L1
ukimix	español	L1	0.6544444444444445	0.015573859804549926	27.0	to_L2
aldonzalorenzo	Spanish	L1	0.7370000000000001	0.01850225211517056	10.0	to_L1
aldonzalorenzo	Spanish	L1	0.7471428571428572	0.02884393851601487	7.0	to_L2
ACQM	Spain - Spanish	L1	0.6891304347826086	0.01504818405230478	23.0	to_L1
ACQM	Spain - Spanish	L1	0.6680701754385964	0.008280932731156956	57.0	to_L2
tusi	español-España	L1	0.685	0.03175426480542942	4.0	to_L1
tusi	español-España	L1	0.657	0.018859126879754183	10.0	to_L2
JeSuisSnob	Mexican Spanish	L1	0.7170000000000001	0.020113566455394125	10.0	to_L1
JeSuisSnob	Mexican Spanish	L1	0.73	0.010000000000000009	2.0	to_L2
jorgema	Peruvian Spanish	L1	0.6869999999999999	0.012999999999999994	10.0	to_L1
jorgema	Peruvian Spanish	L1	0.6983333333333334	0.01740051084818425	6.0	to_L2
Ayutuxtepeque	Español salvadoreño	L1	0.741111111111111	0.01209680152424272	18.0	to_L1
Ayutuxtepeque	Español salvadoreño	L1	0.71	0.01472555959083246	20.0	to_L2
Duometri	Spain, Spanish	L1	0.6533333333333333	0.025927248643506737	9.0	to_L1
Duometri	Spain, Spanish	L1	0.6758536585365854	0.012102084126883196	41.0	to_L2
Artifacs	Spanish- España	L1	0.7150000000000001	0.054999999999999986	2.0	to_L1
Artifacs	Spanish- España	L1	0.60625	0.021291975349546934	8.0	to_L2
Rodal	Castellano (Chile)	L1	0.6679999999999999	0.021540659228538015	5.0	to_L1
Rodal	Castellano (Chile)	L1	0.63	0.010000000000000009	2.0	to_L2
Vampiro	Chile - Español	L1	0.72625	0.00822398495690676	8.0	to_L1
Vampiro	Chile - Español	L1	0.741111111111111	0.013788526273323186	9.0	to_L2
S.V.	Español, México	L1	0.6871428571428574	0.013061283541060766	28.0	to_L1
S.V.	Español, México	L1	0.6988372093023254	0.010701886599111466	43.0	to_L2
anahiseri	Spanish (Spain) and German (Germany)	L1	0.69	0.0	1.0	to_L1
anahiseri	Spanish (Spain) and German (Germany)	L1	0.73	0.0	1.0	to_L2
Rayines	Castellano/Argentina	L1	0.7310714285714284	0.008943373972928355	28.0	to_L1
Rayines	Castellano/Argentina	L1	0.7066666666666668	0.01336777161712687	30.0	to_L2
jmx	Spain / Spanish	L1	0.7050000000000001	0.054999999999999986	2.0	to_L1
jmx	Spain / Spanish	L1	0.605	0.025000000000000022	2.0	to_L2
Xiscomx	Español de España y Balear	L1	0.7078260869565218	0.013051381005163737	23.0	to_L1
Xiscomx	Español de España y Balear	L1	0.6728571428571429	0.018184726385334585	35.0	to_L2
dexterciyo	Español - Canarias	L1	0.72	0.020000000000000018	2.0	to_L1
dexterciyo	Español - Canarias	L1	0.7	0.0	2.0	to_L2
ToñoTorreón	Español de México	L1	0.7150000000000001	0.026865070745184925	18.0	to_L1
ToñoTorreón	Español de México	L1	0.6947368421052631	0.015109123943715868	19.0	to_L2
SpiceMan	Castellano, Argentina	L1	0.66	0.02529822128134703	5.0	to_L1
SpiceMan	Castellano, Argentina	L1	0.7016666666666667	0.026257274124410625	6.0	to_L2
Elcanario	Spanish - Spain	L1	0.71	0.0	1.0	to_L1
Elcanario	Spanish - Spain	L1	0.66	0.0	1.0	to_L2
Janis Joplin	Español mexicano.	L1	0.4	0.0	1.0	to_L1
Janis Joplin	Español mexicano.	L1	0.7175	0.028099525500145602	4.0	to_L2
MiguelitOOO	Español - México	L1	0.6955555555555555	0.012921892610681116	9.0	to_L1
MiguelitOOO	Español - México	L1	0.6713793103448276	0.011379310344827588	29.0	to_L2
Quiviscumque	Spanish-Spain	L1	0.7266666666666667	0.03282952600598702	3.0	to_L1
Quiviscumque	Spanish-Spain	L1	0.6950000000000001	0.017888543819998316	16.0	to_L2
kunvla	Ruso	L2	0.6958333333333333	0.03243778037966834	12.0	to_L1
kunvla	Ruso	L2	0.6435294117647059	0.03026769264402359	17.0	to_L2
mirx	Español	L1	0.73	0.01615893285805443	9.0	to_L1
mirx	Español	L1	0.76	0.02280350850198276	5.0	to_L2
piraña utria	Spanish - Colombian with Caribbean nuanc	L1	0.7310000000000001	0.01772944819596293	10.0	to_L1
piraña utria	Spanish - Colombian with Caribbean nuanc	L1	0.7312499999999998	0.008654237882871802	16.0	to_L2
bb008	Caracas - Venezuela	L2	0.75	0.02345207879911717	4.0	to_L1
bb008	Caracas - Venezuela	L2	0.7000000000000001	0.03245509718570157	6.0	to_L2
miguel89	Spanish	L1	0.7266666666666666	0.029059326290271154	3.0	to_L1
miguel89	Spanish	L1	0.6333333333333333	0.03382963855030739	3.0	to_L2
Lurrezko	Spanish (Spain) / Catalan	L1	0.7373684210526316	0.012746794236661555	19.0	to_L1
Lurrezko	Spanish (Spain) / Catalan	L1	0.7190000000000001	0.019801795653705524	10.0	to_L2
Realice	Spanish - Spain	L1	0.7150000000000001	0.01848422751068236	4.0	to_L1
Realice	Spanish - Spain	L1	0.7020000000000001	0.01933907960581371	5.0	to_L2
cbrena	español	L1	0.66	0.08504900548115382	3.0	to_L1
cbrena	español	L1	0.65	0.010000000000000009	2.0	to_L2
clares3	español España	L1	0.6919047619047618	0.01090257828001833	21.0	to_L1
clares3	español España	L1	0.7024999999999999	0.010297979758028958	32.0	to_L2
las cosas facilitas	valenciano y castellano	L1	0.725	0.0050000000000000044	2.0	to_L1
las cosas facilitas	valenciano y castellano	L1	0.7166666666666667	0.012018504251546642	3.0	to_L2
alberto gonzalez	español	L1	0.7050000000000001	0.06499999999999999	2.0	to_L1
alberto gonzalez	español	L1	0.6000000000000001	0.06	2.0	to_L2
XiaoRoel	galego, español	L1	0.6772307692307691	0.009115993163717641	65.0	to_L1
XiaoRoel	galego, español	L1	0.6803846153846156	0.009340877977592515	52.0	to_L2
Lexinauta	Castellano - Argentina	L1	0.67	0.0	2.0	to_L1
Lexinauta	Castellano - Argentina	L1	0.82	0.0	1.0	to_L2
juandiego	Spanish from Spain	L1	0.6906250000000002	0.009686606284558941	48.0	to_L1
juandiego	Spanish from Spain	L1	0.7086956521739133	0.009602872343393545	23.0	to_L2
Julvenzor	Español propio (Andalucía, España)	L1	0.7438461538461539	0.020771604802589296	13.0	to_L1
Julvenzor	Español propio (Andalucía, España)	L1	0.728	0.042941821107167794	5.0	to_L2
Gabriel	Argentina / Español	L1	0.6666666666666666	0.02917380864938809	6.0	to_L1
Gabriel	Argentina / Español	L1	0.6763636363636363	0.017387180610633133	11.0	to_L2
jilar	Español	L1	0.6685714285714285	0.01529408212985214	14.0	to_L1
jilar	Español	L1	0.6930000000000001	0.010451310207695073	30.0	to_L2
Valtiel	Castilian and Catalan	L1	0.74	0.050000000000000044	2.0	to_L1
Valtiel	Castilian and Catalan	L1	0.706	0.03586084215408222	5.0	to_L2
Naticruz	Portugal - Português	L2	0.71	0.0	1.0	to_L1
Naticruz	Portugal - Português	L2	0.78	0.0	1.0	to_L2
PACOALADROQUE	ESPAÑOL (CARTAGENA-ESPAÑA)	L1	0.7287179487179486	0.009919918804760862	39.0	to_L1
PACOALADROQUE	ESPAÑOL (CARTAGENA-ESPAÑA)	L1	0.7197142857142858	0.009919725822025206	35.0	to_L2
diegodbs	Spain-Spanish	L1	0.6866666666666666	0.03179797338056485	3.0	to_L1
diegodbs	Spain-Spanish	L1	0.6980000000000001	0.032771939216347884	5.0	to_L2
tigger_uhuhu	spanish-mx ct	L1	0.7000000000000001	0.025166114784235822	3.0	to_L1
tigger_uhuhu	spanish-mx ct	L1	0.67	0.010000000000000009	2.0	to_L2
tatius	Spanish (Spain) - French	L1	0.71	0.03999999999999998	2.0	to_L1
tatius	Spanish (Spain) - French	L1	0.73	0.0	1.0	to_L2
Argónida	Español-Andalucía	L1	0.675	0.08500000000000002	2.0	to_L1
Argónida	Español-Andalucía	L1	0.732	0.024779023386727734	5.0	to_L2
lamartus	Spain Spanish	L1	0.745	0.025911938781738652	8.0	to_L1
lamartus	Spain Spanish	L1	0.6937499999999999	0.016655204391820996	16.0	to_L2
Jellby	Spanish (Spain)	L1	0.655	0.028404545090850896	12.0	to_L1
Jellby	Spanish (Spain)	L1	0.6623076923076924	0.017326200929770417	13.0	to_L2
Peón	Castellano	L1	0.6910000000000001	0.018162843634433705	10.0	to_L1
Peón	Castellano	L1	0.6814814814814816	0.011967473768745579	27.0	to_L2
Erreconerre	Mexican Spanish	L1	0.6333333333333334	0.017530019603571104	15.0	to_L1
Erreconerre	Mexican Spanish	L1	0.6383333333333333	0.033208098075285464	6.0	to_L2
María Madrid	Spanish Spain	L1	0.7016666666666667	0.02773886162848873	6.0	to_L1
María Madrid	Spanish Spain	L1	0.67	0.0	1.0	to_L2
Jay Lang	Spanish (from Spain)	L1	0.7050000000000001	0.024999999999999963	2.0	to_L1
Jay Lang	Spanish (from Spain)	L1	0.7	0.015644868320376006	15.0	to_L2
jsvillar	Spanish - Spain	L1	0.7266666666666666	0.017638342073763955	3.0	to_L1
jsvillar	Spanish - Spain	L1	0.6199999999999999	0.025720389995846908	13.0	to_L2
Peterdg	Dutch - Belgium	L2	0.6185714285714285	0.04474417075247378	7.0	to_L1
Peterdg	Dutch - Belgium	L2	0.6261538461538462	0.020366465069036506	13.0	to_L2
Quique Alfaro	castellano	L1	0.6849999999999999	0.022286019533929034	16.0	to_L1
Quique Alfaro	castellano	L1	0.6782352941176473	0.027051629478451873	17.0	to_L2
Sibutlasi	Spanish-Spain	L1	0.675	0.054999999999999986	2.0	to_L1
Sibutlasi	Spanish-Spain	L1	0.65	0.0	1.0	to_L2
PABLO DE SOTO	Spain Spanish	L1	0.6699999999999999	0.030550504633038926	3.0	to_L1
PABLO DE SOTO	Spain Spanish	L1	0.6825	0.020454124574794494	12.0	to_L2
RaulCavazos	Mexican Spanish	L1	0.6837500000000001	0.014630874888399524	8.0	to_L1
RaulCavazos	Mexican Spanish	L1	0.629	0.025925105807134342	10.0	to_L2
didakticos	Español de Costa Rica (y de otras partes también)	L1	0.714	0.03982461550347976	5.0	to_L1
didakticos	Español de Costa Rica (y de otras partes también)	L1	0.695	0.06883555282943062	6.0	to_L2
Bandama	Spanish	L1	0.77	0.0	1.0	to_L1
Bandama	Spanish	L1	0.68	0.0	1.0	to_L2
Señor K	Español chileno	L1	0.7257142857142856	0.013776643944275647	7.0	to_L1
Señor K	Español chileno	L1	0.6857142857142857	0.01711994806253951	14.0	to_L2
torrebruno	español	L1	0.7533333333333333	0.01115546702045435	6.0	to_L1
torrebruno	español	L1	0.7272727272727273	0.014899109741000645	11.0	to_L2
Polizón	Español	L1	0.7381818181818182	0.0161705783231703	11.0	to_L1
Polizón	Español	L1	0.7299999999999999	0.013273676061682243	7.0	to_L2
solysombra	Argentina (Castellano)	L1	0.7	0.019999999999999962	2.0	to_L1
solysombra	Argentina (Castellano)	L1	0.65	0.0	1.0	to_L2
David_3333	Spanish	L1	0.5933333333333334	0.1026861453383291	3.0	to_L1
David_3333	Spanish	L1	0.61	0.0	1.0	to_L2
AllegroModerato	Dutch (Netherlands)	L2	0.57	0.0	1.0	to_L1
AllegroModerato	Dutch (Netherlands)	L2	0.64	0.020000000000000018	2.0	to_L2
juandelsur	Español de Argentina	L1	0.75	0.0	1.0	to_L1
juandelsur	Español de Argentina	L1	0.67	0.0	1.0	to_L2
murciana	Spanish - Spain	L1	0.7066666666666667	0.016666666666666684	3.0	to_L1
murciana	Spanish - Spain	L1	0.6411111111111112	0.028840771894260906	9.0	to_L2
nelliot53	Spanish-[PR]; English-[US]	L1	0.73	0.030000000000000023	2.0	to_L1
nelliot53	Spanish-[PR]; English-[US]	L1	0.595	0.03499999999999997	2.0	to_L2
Bloodsun	Castellano - Argentina	L1	0.7121428571428572	0.013513467902676645	14.0	to_L1
Bloodsun	Castellano - Argentina	L1	0.7076923076923076	0.011499935682866192	13.0	to_L2
Gorgiewave	Scotland, English	L2	0.63	0.0	1.0	to_L1
Gorgiewave	Scotland, English	L2	0.6950000000000001	0.044999999999999984	2.0	to_L2
ILT	México - Español/Castellano	L1	0.6333333333333333	0.048074017006186506	3.0	to_L1
ILT	México - Español/Castellano	L1	0.65	0.0	1.0	to_L2
pejeman	Español	L1	0.7033333333333333	0.028480012484391762	3.0	to_L1
pejeman	Español	L1	0.7342857142857143	0.011722412976277305	7.0	to_L2
Alundra	España - Castellano	L1	0.76	0.0	1.0	to_L1
Alundra	España - Castellano	L1	0.6866666666666666	0.02728450923957482	3.0	to_L2
aleCcowaN	Castellano - Argentina	L1	0.7268181818181817	0.010137290544462134	22.0	to_L1
aleCcowaN	Castellano - Argentina	L1	0.7048148148148151	0.010995600912262956	27.0	to_L2
relativamente	catalan and spanish	L1	0.73	0.0	1.0	to_L1
relativamente	catalan and spanish	L1	0.73	0.0	1.0	to_L2
Servando	Español, Mexico	L1	0.72	0.04999999999999999	2.0	to_L1
Servando	Español, Mexico	L1	0.63	0.0	1.0	to_L2
Mangato	SPAIN (Galicia)	L2	0.8075	0.019311050377094106	4.0	to_L1
Mangato	SPAIN (Galicia)	L2	0.72	0.0	1.0	to_L2
Rasp	Castellano de España	L1	0.6433333333333334	0.018559214542766756	3.0	to_L1
Rasp	Castellano de España	L1	0.7006666666666668	0.009178996037365317	15.0	to_L2
sinho4	Galego - Spain	L2	0.69	0.0	1.0	to_L1
sinho4	Galego - Spain	L2	0.6799999999999999	0.009999999999999953	2.0	to_L2
Alfonso Chíncaro	Español (Perú)	L1	0.6733333333333333	0.014529663145135558	3.0	to_L1
Alfonso Chíncaro	Español (Perú)	L1	0.71	0.04	3.0	to_L2
Csalrais	Spanish - Spain	L1	0.7	0.010000000000000009	2.0	to_L1
Csalrais	Spanish - Spain	L1	0.72	0.0	1.0	to_L2
Lord Darktower	Español	L1	0.7566666666666667	0.012018504251546642	3.0	to_L1
Lord Darktower	Español	L1	0.6980000000000001	0.015972198067614584	10.0	to_L2
Mate	Castellano - Argentina	L1	0.7266666666666666	0.018559214542766756	3.0	to_L1
Mate	Castellano - Argentina	L1	0.7275	0.01652018966799916	4.0	to_L2
pepone	ARGENTINA	L2	0.78	0.0	1.0	to_L1
pepone	ARGENTINA	L2	0.46	0.0	1.0	to_L2
Berenguer	Spain, Spanish	L1	0.7125000000000001	0.014930394055974091	4.0	to_L1
Berenguer	Spain, Spanish	L1	0.6759999999999999	0.022045407685048604	5.0	to_L2
Guillermogustavo	Argentine Spanish	L1	0.7150000000000001	0.054999999999999986	2.0	to_L1
Guillermogustavo	Argentine Spanish	L1	0.6499999999999999	0.04618802153517007	3.0	to_L2
BETOREYES	Colombia Español	L1	0.7383333333333333	0.026383917660406524	6.0	to_L1
BETOREYES	Colombia Español	L1	0.785	0.025000000000000022	2.0	to_L2
hosec	español	L1	0.742	0.02133333333333333	10.0	to_L1
hosec	español	L1	0.6900000000000001	0.021044171232366047	7.0	to_L2
chicaswing	cuba	L2	0.67	0.0	1.0	to_L1
chicaswing	cuba	L2	0.79	0.02999999999999997	2.0	to_L2
Hidrocálida	español  México	L1	0.64	0.0	1.0	to_L1
Hidrocálida	español  México	L1	0.7	0.0	1.0	to_L2
Migueles	Español - Chilean Spanish	L1	0.65	0.0	1.0	to_L1
Migueles	Español - Chilean Spanish	L1	0.655	0.05139714648369758	4.0	to_L2
autrex2811	Español-castellano, son lo mismo	L1	0.6699999999999999	0.07	2.0	to_L1
autrex2811	Español-castellano, son lo mismo	L1	0.61	0.0	1.0	to_L2
Milton Sand	Español (Colombia)	L1	0.7300000000000001	0.02024845673131659	5.0	to_L1
Milton Sand	Español (Colombia)	L1	0.75	0.0	1.0	to_L2
Indiana (Nahuel)	Argentina Español	L1	0.6933333333333334	0.024037008503093246	3.0	to_L1
Indiana (Nahuel)	Argentina Español	L1	0.708	0.02596150997149434	5.0	to_L2
quedamucho	español	L1	0.79	0.0	1.0	to_L1
quedamucho	español	L1	0.63	0.0	1.0	to_L2
Idóneo	Español-Castilla y León.	L1	0.74	0.0	1.0	to_L1
Idóneo	Español-Castilla y León.	L1	0.6966666666666667	0.023452078799117152	9.0	to_L2
Darojas	Castellano - Colombia	L1	0.71	0.0	1.0	to_L1
Darojas	Castellano - Colombia	L1	0.69	0.0	1.0	to_L2
Bashti	Español castellano.	L1	0.6	0.0	1.0	to_L1
Bashti	Español castellano.	L1	0.63	0.0	1.0	to_L2
RSalaya	España (Español)	L1	0.675	0.075	2.0	to_L1
RSalaya	España (Español)	L1	0.665	0.03499999999999997	2.0	to_L2
Bocha	castellano	L1	0.6577777777777778	0.02542842775854624	9.0	to_L1
Bocha	castellano	L1	0.6216666666666667	0.027326126174728307	12.0	to_L2
wamcon	Español	L1	0.7020000000000001	0.027820855486487106	5.0	to_L1
wamcon	Español	L1	0.6540000000000001	0.041182520563948	5.0	to_L2
HalloweenJr	Español	L1	0.78	0.0	1.0	to_L1
HalloweenJr	Español	L1	0.53	0.0	1.0	to_L2
ieracub	Chile/Español	L1	0.6925	0.039660013447635985	4.0	to_L1
ieracub	Chile/Español	L1	0.7050000000000001	0.014433756729740626	4.0	to_L2
Probo	Español	L1	0.725	0.014392458342578492	8.0	to_L1
Probo	Español	L1	0.7114285714285715	0.013500392458973588	14.0	to_L2
Crisipo de Soli	Castellano, Méjico	L1	0.7233333333333334	0.01322875655532296	9.0	to_L1
Crisipo de Soli	Castellano, Méjico	L1	0.7000000000000001	0.0226635470223962	12.0	to_L2
amanarma	castellano, España	L1	0.6133333333333333	0.04096068575814834	3.0	to_L1
amanarma	castellano, España	L1	0.7175000000000001	0.03424787098005753	4.0	to_L2
horusankh	México, Español	L1	0.698	0.015620499351813297	5.0	to_L1
horusankh	México, Español	L1	0.6599999999999999	0.01983263304085802	6.0	to_L2
lazarus1907	Spanish, Spain	L1	0.6799999999999999	0.028442474557857287	13.0	to_L1
lazarus1907	Spanish, Spain	L1	0.7625	0.030923292192132454	4.0	to_L2
litelchau	Spanish-Spain	L1	0.63	0.010000000000000009	2.0	to_L1
litelchau	Spanish-Spain	L1	0.7	0.0	1.0	to_L2
mirk	Native from Mexico, Spanish.  Living in	L1	0.6766666666666666	0.04333333333333334	3.0	to_L1
mirk	Native from Mexico, Spanish.  Living in	L1	0.745	0.0050000000000000044	2.0	to_L2
Ube	Spanish Cantabria Spain	L1	0.6	0.0	1.0	to_L1
Ube	Spanish Cantabria Spain	L1	0.6799999999999999	0.019999999999999962	2.0	to_L2
indigoio	español	L1	0.69	0.0	1.0	to_L1
indigoio	español	L1	0.7200000000000001	0.01527525231651948	3.0	to_L2
Maruja14	Español - España (Madrid)	L1	0.735	0.015000000000000012	2.0	to_L1
Maruja14	Español - España (Madrid)	L1	0.6940000000000001	0.024594488994262288	10.0	to_L2
jorge_val_ribera	Español	L1	0.73	0.0	1.0	to_L1
jorge_val_ribera	Español	L1	0.74	0.0	2.0	to_L2
Aleko	Español	L1	0.67	0.0	1.0	to_L1
Aleko	Español	L1	0.68	0.0	1.0	to_L2
Södertjej	Spanish ES/Swedish (utlandssvensk)	L1	0.6733333333333333	0.024449494427856332	6.0	to_L1
Södertjej	Spanish ES/Swedish (utlandssvensk)	L1	0.7200000000000001	0.010488088481701525	5.0	to_L2
Sembrador	Español	L1	0.7939999999999999	0.014352700094407317	5.0	to_L1
Sembrador	Español	L1	0.7269230769230768	0.018891885905255708	13.0	to_L2
Canela Mad	Spanish Colombia-Spain	L1	0.75	0.0	2.0	to_L1
Canela Mad	Spanish Colombia-Spain	L1	0.64	0.020000000000000018	2.0	to_L2
ismael37	Spanish	L1	0.7	0.0	1.0	to_L1
ismael37	Spanish	L1	0.69	0.0	1.0	to_L2
micafe	Spanish - Colombia	L1	0.76	0.0	1.0	to_L1
micafe	Spanish - Colombia	L1	0.685	0.09500000000000003	2.0	to_L2
Plain Language	Spanish-Spain	L1	0.6499999999999999	0.04999999999999999	2.0	to_L1
Plain Language	Spanish-Spain	L1	0.71	0.0	1.0	to_L2
chaquira16	Sevilla, española	L1	0.82	0.0	1.0	to_L1
chaquira16	Sevilla, española	L1	0.69	0.0	1.0	to_L2
Maximino	Español chileno	L1	0.64	0.01923538406167136	5.0	to_L1
Maximino	Español chileno	L1	0.7533333333333333	0.013333333333333346	3.0	to_L2
Josruecam	Spain Spanish	L1	0.73	0.0	1.0	to_L1
Josruecam	Spain Spanish	L1	0.62	0.0	1.0	to_L2
grdsit	Español, El Salvador	L1	0.77	0.0	1.0	to_L1
grdsit	Español, El Salvador	L1	0.51	0.18999999999999997	2.0	to_L2
EduardoGonzalez	español de España, La Mancha (C. Real)	L1	0.7127272727272728	0.01657440025465938	11.0	to_L1
EduardoGonzalez	español de España, La Mancha (C. Real)	L1	0.6544444444444443	0.021605830461918486	18.0	to_L2
psicutrinius	Spanish / Spain	L1	0.7	0.0	1.0	to_L1
psicutrinius	Spanish / Spain	L1	0.72	0.0	1.0	to_L2
MAGUANÁ	Español	L1	0.735	0.0050000000000000044	2.0	to_L1
MAGUANÁ	Español	L1	0.79	0.0	1.0	to_L2
Sidjanga	German;southern tendencies	L2	0.76	0.0	1.0	to_L1
Sidjanga	German;southern tendencies	L2	0.7150000000000001	0.06499999999999999	2.0	to_L2
Navel	Castellano - Español	L1	0.65	0.020000000000000018	2.0	to_L1
Navel	Castellano - Español	L1	0.66	0.0	1.0	to_L2
sergio11	Spanish (lunfardo)	L1	0.595	0.08500000000000002	2.0	to_L1
sergio11	Spanish (lunfardo)	L1	0.61	0.0	1.0	to_L2
Cubanboy	Spanish	L1	0.755	0.04500000000000005	2.0	to_L1
Cubanboy	Spanish	L1	0.79	0.0	1.0	to_L2
sehait	ESPAÑOL	L1	0.51	0.0	1.0	to_L1
sehait	ESPAÑOL	L1	0.53	0.0	1.0	to_L2
Accipiter	Spanish - Spain	L1	0.625	0.015000000000000012	2.0	to_L1
Accipiter	Spanish - Spain	L1	0.6866666666666666	0.05547772325697748	3.0	to_L2
YaniraTfe	español (España)	L1	0.73	0.014832396974191319	5.0	to_L1
YaniraTfe	español (España)	L1	0.714	0.02821347195933177	5.0	to_L2
astur_pecha	Español España	L1	0.69	0.0	1.0	to_L1
astur_pecha	Español España	L1	0.6860000000000002	0.016613247725836142	5.0	to_L2
Lord Delfos	Castellano (Argentina)	L1	0.6966666666666667	0.03282952600598701	3.0	to_L1
Lord Delfos	Castellano (Argentina)	L1	0.7200000000000001	0.025166114784235857	3.0	to_L2
Summer_rose	Español/España	L1	0.655	0.054999999999999986	2.0	to_L1
Summer_rose	Español/España	L1	0.676	0.019646882704388496	5.0	to_L2
Hrutland	Castellano, Chile	L1	0.7	0.0	1.0	to_L1
Hrutland	Castellano, Chile	L1	0.73	0.0	1.0	to_L2
Sendro Páez	Spanish - España	L1	0.76	0.040000000000000036	2.0	to_L1
Sendro Páez	Spanish - España	L1	0.7433333333333333	0.052068331172711015	3.0	to_L2
Jigoku no Tenshi	Venezuela-Castellano	L1	0.64	0.0	1.0	to_L1
Jigoku no Tenshi	Venezuela-Castellano	L1	0.62	0.0	1.0	to_L2
Cebolleta	Spanish (Spain)	L1	0.57	0.0	1.0	to_L1
Cebolleta	Spanish (Spain)	L1	0.6950000000000001	0.03499999999999997	2.0	to_L2
Pedro P. Calvo Morcillo	España, español.	L1	0.7050000000000001	0.03499999999999997	2.0	to_L1
Pedro P. Calvo Morcillo	España, español.	L1	0.66	0.0	1.0	to_L2
Wapochen	Ecuador, español	L1	0.53	0.0	1.0	to_L1
Wapochen	Ecuador, español	L1	0.62	0.0	1.0	to_L2
bacchebenevenies	Español (Argentina)	L1	0.69	0.03999999999999998	2.0	to_L1
bacchebenevenies	Español (Argentina)	L1	0.71	0.014719601443879739	4.0	to_L2
magdala	Española (Madrileña)	L1	0.775	0.025000000000000022	2.0	to_L1
magdala	Española (Madrileña)	L1	0.72	0.0	1.0	to_L2
elmg	Spanish - Argentina	L1	0.76	0.0	1.0	to_L1
elmg	Spanish - Argentina	L1	0.74	0.0	1.0	to_L2
balduino	Castellano	L1	0.72	0.0	1.0	to_L1
balduino	Castellano	L1	0.66375	0.02227566737816977	8.0	to_L2
aifustek032	Español (España)	L1	0.71	0.0	1.0	to_L1
aifustek032	Español (España)	L1	0.71	0.0	2.0	to_L2
carzante	España - Castellano & Galego	L1	0.77	0.0	1.0	to_L1
carzante	España - Castellano & Galego	L1	0.73	0.0	1.0	to_L2
claramolin	Español - Argentina	L1	0.72	0.0	1.0	to_L1
claramolin	Español - Argentina	L1	0.63	0.0	1.0	to_L2
Neo1961	Castellano	L1	0.63	0.0	1.0	to_L1
Neo1961	Castellano	L1	0.72	0.0	1.0	to_L2
Milhaud	Spanish (Spain)	L1	0.74	0.0	1.0	to_L1
Milhaud	Spanish (Spain)	L1	0.56	0.0	1.0	to_L2
sunce	Español, España	L1	0.74	0.0	1.0	to_L1
sunce	Español, España	L1	0.61	0.08999999999999997	2.0	to_L2
alinapopi	Romanian	L2	0.69	0.0	1.0	to_L1
alinapopi	Romanian	L2	0.71	0.0	1.0	to_L2
Soto	español - argentina	L1	0.71	0.0	1.0	to_L1
Soto	español - argentina	L1	0.65	0.0	1.0	to_L2
trejosluna	CR - Español	L1	0.63	0.0	1.0	to_L1
trejosluna	CR - Español	L1	0.66	0.0	1.0	to_L2
Magnalp	Español - México	L1	0.7	0.08000000000000002	2.0	to_L1
Magnalp	Español - México	L1	0.645	0.03427827300200519	4.0	to_L2
oriental	Spanish-R.O.Uruguay	L1	0.65	0.0	1.0	to_L1
oriental	Spanish-R.O.Uruguay	L1	0.77	0.027988092706244444	4.0	to_L2
RADIRO	Spanish	L1	0.7050000000000001	0.054999999999999986	2.0	to_L1
RADIRO	Spanish	L1	0.645	0.10499999999999997	2.0	to_L2
HaHa08	Spanish - Spain	L1	0.64	0.020000000000000018	2.0	to_L1
HaHa08	Spanish - Spain	L1	0.6875	0.020564937798755102	4.0	to_L2
valdemar	Español mexicano	L1	0.72	0.0	1.0	to_L1
valdemar	Español mexicano	L1	0.615	0.04500000000000005	2.0	to_L2
-CAIN-	Chile, Castellano (Spanish)	L1	0.74	0.0	1.0	to_L1
-CAIN-	Chile, Castellano (Spanish)	L1	0.7333333333333334	0.006666666666666672	3.0	to_L2
talshanir	Argentina Spanish	L1	0.61	0.0	1.0	to_L1
talshanir	Argentina Spanish	L1	0.83	0.0	1.0	to_L2
jc19	Español - México	L1	0.8	0.0	2.0	to_L1
jc19	Español - México	L1	0.69	0.02999999999999997	2.0	to_L2
Elocutio	Spanish	L1	0.71	0.0	1.0	to_L1
Elocutio	Spanish	L1	0.67	0.0	1.0	to_L2
pdro	español	L1	0.76	0.0	1.0	to_L1
pdro	español	L1	0.8	0.0	1.0	to_L2
Andurriante	Spanish	L1	0.77	0.0	1.0	to_L1
Andurriante	Spanish	L1	0.64	0.0	1.0	to_L2
Honorato	Español (o Castellano)	L1	0.61	0.0	1.0	to_L1
Honorato	Español (o Castellano)	L1	0.79	0.0	1.0	to_L2
SusanBryan	Spanish- Br. English	L1	0.69	0.0	1.0	to_L1
SusanBryan	Spanish- Br. English	L1	0.76	0.0	1.0	to_L2
Plangam	Castellano de México	L1	0.59	0.0	1.0	to_L1
Plangam	Castellano de México	L1	0.69	0.009999999999999953	2.0	to_L2
cachomero	Spanish - Spain	L1	0.71	0.0	1.0	to_L1
cachomero	Spanish - Spain	L1	0.69	0.0	1.0	to_L2
furie	Spain, Spanish	L1	0.7	0.0	1.0	to_L1
furie	Spain, Spanish	L1	0.74	0.0	1.0	to_L2
baufred	Deutsch	L2	0.74	0.0	1.0	to_L1
baufred	Deutsch	L2	0.69	0.0	1.0	to_L2
Fanaya	Castilian-leonese Spanish - Spain	L1	0.7075	0.01249999999999999	4.0	to_L1
Fanaya	Castilian-leonese Spanish - Spain	L1	0.6475	0.03816084380618436	4.0	to_L2
LucíaV	Spanish Spain	L1	0.66	0.0	1.0	to_L1
LucíaV	Spanish Spain	L1	0.725	0.035000000000000024	2.0	to_L2
El Patillas	Svenska	L2	0.53	0.0	1.0	to_L1
El Patillas	Svenska	L2	0.65	0.0	1.0	to_L2
Iratxo	Spanish - Spain / Basque	L1	0.57	0.0	1.0	to_L1
Iratxo	Spanish - Spain / Basque	L1	0.61	0.0	1.0	to_L2
Kamin	Spanish (Spain)	L1	0.69	0.0	1.0	to_L1
Kamin	Spanish (Spain)	L1	0.76	0.0	1.0	to_L2
KorsoCL	Spanish	L1	0.83	0.0	1.0	to_L1
KorsoCL	Spanish	L1	0.69	0.0	1.0	to_L2
Emeté	Spanish - Spain	L1	0.78	0.0	1.0	to_L1
Emeté	Spanish - Spain	L1	0.65	0.0	1.0	to_L2
