message_id	ttr	speaker	lang	ltype
post12423392	0.715	Paulfromitaly	Italian	L1
post12423393	0.71	Paulfromitaly	Italian	L1
post12423394	0.65	Angel.Aura	Italian	L1
post12423396	0.69	Angel.Aura	Italian	L1
post12423397	0.72	Angel.Aura	Italian	L1
post12423399	0.63	Paulfromitaly	Italian	L1
post12423400	0.695	Paulfromitaly	Italian	L1
post18046480	0.625	Francesco94	Italian	L1
post17998888	0.7	mimimarie	Japanese	L2
post18048955	0.6	Passante	italian	L1
post18046119	0.735	Francesco94	Italian	L1
post3424232	0.68	xeneize	Italian	L1
post17989380	0.66	eduarodi	castellano de Argentina	L2
post18034434	0.69	symposium	Italian - Italy	L1
post18020072	0.54	francisgranada	Hungarian	L2
post8732944	0.68	Giuda	italian	L1
post17993504	0.72	Frantos	Italian (Tuscan), Neapolitan	L1
post2361359	0.65	bubu7	Italiano	L1
post2361928	0.675	valy822	Italy- Italian	L1
post2361929	0.65	Saoul	Italian	L1
post2365522	0.705	alcesta	Serbian, Montenegro	L2
post17974398	0.56	Francesco94	Italian	L1
post17857145	0.59	Francesco94	Italian	L1
post17857179	0.55	Francesco94	Italian	L1
post17857425	0.6	bearded	Italian	L1
post17857929	0.68	dragonseven	italiano	L1
post17860596	0.685	dragonseven	italiano	L1
post17861285	0.56	francisgranada	Hungarian	L2
post17861763	0.69	dragonseven	italiano	L1
post17866854	0.615	Francesco94	Italian	L1
post17947038	0.695	A User	Italian	L1
post12989283	0.725	smarcelli	Italy Italian	L1
post17934474	0.72	A User	Italian	L1
post17873646	0.71	dragonseven	italiano	L1
post17873956	0.7	dragonseven	italiano	L1
post17937768	0.57	dragonseven	italiano	L1
post9740500	0.51	vale_new	Italian - Italy	L1
post17931653	0.655	TheCrociato91	Italian - Northern Italy	L1
post6160856	0.585	mandarina.m	Slovenian	L2
post12857417	0.63	Giorgio Spizzi	Italian	L1
post13172407	0.565	bior	italiano	L1
post1438498	0.58	Broca's Area	Italian / Italy	L1
post1438621	0.54	Necsus	Italian (Italy)	L1
post5235025	0.725	TheFalcon	Italian; North-east dialect	L1
post8087567	0.69	bo-marco	Italiano Italia - Emiliano Mirandola	L1
post9991214	0.655	rsb	Italy, Italian	L1
post5237214	0.775	SunDraw	Veneto (Italia)	L1
post5281783	0.715	SunDraw	Veneto (Italia)	L1
post17852213	0.6	dragonseven	italiano	L1
post17850172	0.58	Francesco94	Italian	L1
post17851365	0.56	Francesco94	Italian	L1
post17827525	0.755	bearded	Italian	L1
post17821888	0.61	Francesco94	Italian	L1
post17823194	0.515	Francesco94	Italian	L1
post17814918	0.7	dragonseven	italiano	L1
post17782168	0.605	bearded	Italian	L1
post17782882	0.665	bearded	Italian	L1
post17786620	0.68	dragonseven	italiano	L1
post13399448	0.675	Connie Eyeland	Italiano	L1
post13400830	0.73	dragonseven	italiano	L1
post13401272	0.765	dragonseven	italiano	L1
post13401558	0.7	ursu-lab	italian, catalan & spanish	L1
post13401615	0.74	dragonseven	italiano	L1
post13413688	0.75	Connie Eyeland	Italiano	L1
post16322730	0.64	naemerys	Italian	L1
post17753746	0.67	dragonseven	italiano	L1
post17773218	0.67	dragonseven	italiano	L1
post8585051	0.55	Sandhinet	Italiano	L1
post12837913	0.72	Necsus	Italian (Italy)	L1
post17511876	0.375	pedro_trionix	Spanish and Galician	L2
post2739131	0.645	SunDraw	Veneto (Italia)	L1
post17738064	0.6	dragonseven	italiano	L1
post17740767	0.645	dragonseven	italiano	L1
post17741099	0.65	bearded	Italian	L1
post17751405	0.69	dragonseven	italiano	L1
post17715847	0.685	dragonseven	italiano	L1
post17716711	0.7	dragonseven	italiano	L1
post17718614	0.71	dragonseven	italiano	L1
post17724151	0.75	dragonseven	italiano	L1
post17723682	0.62	palomamapola	Italian	L1
post17726100	0.565	Uticens678	Italiano	L1
post17722307	0.79	magosil79	italian	L1
post14261898	0.695	Paulfromitaly	Italian	L1
post5560955	0.59	PSICHEF	Italiano	L1
post17701814	0.695	dragonseven	italiano	L1
post17704189	0.675	dragonseven	italiano	L1
post12184178	0.715	Sempervirens	italiano	L1
post12186640	0.595	violadaprile	italian	L1
post12189424	0.655	violadaprile	italian	L1
post17689558	0.64	dragonseven	italiano	L1
post17673938	0.61	bearded	Italian	L1
post17669426	0.72	GabrielH	Portuguese - Brazil	L2
post17635554	0.715	bearded	Italian	L1
post17656285	0.605	romolasgarai	English - UK	L2
post17656589	0.445	TheCrociato91	Italian - Northern Italy	L1
post13510990	0.755	Connie Eyeland	Italiano	L1
post13511798	0.605	Connie Eyeland	Italiano	L1
post13512332	0.71	Connie Eyeland	Italiano	L1
post13513459	0.6	Connie Eyeland	Italiano	L1
post17615327	0.585	gfa	Italian	L1
post15556433	0.685	bearded	Italian	L1
post15558405	0.765	bearded	Italian	L1
post15564665	0.66	Nino83	Italian	L1
post15583916	0.72	dragonseven	italiano	L1
post15595133	0.645	Blackman	Italiano/Sardo	L1
post15598327	0.585	Nino83	Italian	L1
post15598754	0.585	dragonseven	italiano	L1
post15599737	0.65	Nino83	Italian	L1
post15600053	0.62	frugnaglio	Italian	L1
post15601123	0.705	frugnaglio	Italian	L1
post17610158	0.71	MoltoMahler	Italian	L1
post8225074	0.67	simenon	italien	L1
post8690713	0.29	Carlix	Italian	L1
post17543054	0.605	dragonseven	italiano	L1
post17548328	0.72	dragonseven	italiano	L1
post17550133	0.69	bearded	Italian	L1
post17554564	0.665	bearded	Italian	L1
post17555082	0.665	francisgranada	Hungarian	L2
post17557494	0.645	bearded	Italian	L1
post17491703	0.735	dragonseven	italiano	L1
post5502534	0.74	SunDraw	Veneto (Italia)	L1
post5502851	0.685	andlima	Portuguese (Brazil)	L2
post15624133	0.68	quasi.stellar	italiano - italiano	L1
post15625243	0.655	emma click	italian	L1
post15626128	0.705	quasi.stellar	italiano - italiano	L1
post15626783	0.67	frugnaglio	Italian	L1
post17501650	0.64	dragonseven	italiano	L1
post17477677	0.645	dragonseven	italiano	L1
post17478335	0.665	dragonseven	italiano	L1
post17479028	0.65	bearded	Italian	L1
post17499494	0.7	dragonseven	italiano	L1
post3639711	0.59	Necsus	Italian (Italy)	L1
post17464488	0.685	Odysseus54	Italian - Marche	L1
post17449019	0.605	bearded	Italian	L1
post17438567	0.58	Franshyska	Italiano	L1
post17427262	0.6	dragonseven	italiano	L1
post17427561	0.63	bearded	Italian	L1
post17420073	0.66	lorenzos	italiano	L1
post17420338	0.71	dragonseven	italiano	L1
post17423760	0.74	dragonseven	italiano	L1
post17423979	0.605	dragonseven	italiano	L1
post17426267	0.54	dragonseven	italiano	L1
post17417830	0.54	giginho	Italiano & Piemontese	L1
post2478021	0.69	MünchnerFax	Italian, Italy	L1
post13436884	0.685	Connie Eyeland	Italiano	L1
post17394863	0.7	Mister Draken	Castellano (Argentina)	L2
post2026312	0.665	Necsus	Italian (Italy)	L1
post17326421	0.55	GabrielH	Portuguese - Brazil	L2
post17381520	0.51	Fooler	Italian (Italy)	L1
post17279851	0.645	bearded	Italian	L1
post17249296	0.705	sarpantra	Italian	L1
post17249856	0.71	sarpantra	Italian	L1
post17213628	0.525	symposium	Italian - Italy	L1
post17211786	0.645	Nahuel O Tavros	Spanish	L2
post5978036	0.635	brian	AmE (New Orleans)	L2
post5981271	0.6	quita	italy, italian	L1
post13078427	0.675	Connie Eyeland	Italiano	L1
post13078598	0.75	Connie Eyeland	Italiano	L1
post13234500	0.675	hakdz	Italian	L1
post17195751	0.695	GabrielH	Portuguese - Brazil	L2
post17195175	0.75	Blackman	Italiano/Sardo	L1
post17147182	0.615	dragonseven	italiano	L1
post17191498	0.705	dragonseven	italiano	L1
post17184847	0.58	dragonseven	italiano	L1
post17131346	0.565	Odysseus54	Italian - Marche	L1
post17110174	0.73	sarpantra	Italian	L1
post17090328	0.685	dragonseven	italiano	L1
post17124321	0.575	bearded	Italian	L1
post17116099	0.68	leev8	italiano	L1
post17120435	0.615	dragonseven	italiano	L1
post17122588	0.67	dragonseven	italiano	L1
post17115325	0.71	GabrielH	Portuguese - Brazil	L2
post17117025	0.715	GabrielH	Portuguese - Brazil	L2
post17115790	0.6	Olaszinhok	Italian	L1
post17112449	0.595	dragonseven	italiano	L1
post17113940	0.57	pebblespebbles	italiano	L1
post17059891	0.73	dejudicibus	Italian (Italy)	L1
post17063672	0.745	Olaszinhok	Italian	L1
post17090407	0.52	dragonseven	italiano	L1
post17104351	0.725	dragonseven	italiano	L1
post17091445	0.75	dragonseven	italiano	L1
post13610926	0.615	l'erba del vicino	"Italian - Italy"	L1
post5138432	0.685	giusyna	italian	L1
post9623774	0.69	olaszinho	Central Italian	L1
post9624073	0.695	elena73	Italian	L1
post9639782	0.71	elena73	Italian	L1
post9641697	0.67	francisgranada	Hungarian	L2
post9641926	0.65	elena73	Italian	L1
post9642768	0.67	One1	Italiano	L1
post17001574	0.7	GabrielH	Portuguese - Brazil	L2
post15569979	0.59	bearded	Italian	L1
post16967288	0.705	dragonseven	italiano	L1
post16969274	0.705	dragonseven	italiano	L1
post16976941	0.725	Paolo Yogurt	Italiano, veneto - veronese	L1
post16973880	0.675	GabrielH	Portuguese - Brazil	L2
post11033416	0.655	adomandarispondi	italiano	L1
post16926030	0.605	HerreraCM	Portuguese (Brazil)	L2
post11911014	0.725	violadaprile	italian	L1
post16896905	0.675	dragonseven	italiano	L1
post16877022	0.645	bearded	Italian	L1
post16871318	0.645	dragonseven	italiano	L1
post14907478	0.63	turtle87crociato	Italiano	L1
post15689000	0.7	turtle87crociato	Italiano	L1
post15692556	0.655	quasi.stellar	italiano - italiano	L1
post15697742	0.675	turtle87crociato	Italiano	L1
post16868293	0.705	turtle87crociato	Italiano	L1
post16873028	0.585	bearded	Italian	L1
post16874614	0.71	turtle87crociato	Italiano	L1
post16875426	0.7	dragonseven	italiano	L1
post16866291	0.685	King Crimson	Italiano	L1
post16848375	0.66	Floridsdorfer	Italian, Spanish, Sardinian (trilingual)	L1
post16839938	0.63	bearded	Italian	L1
post1364903	0.6	andersxman	Denmark/danish	L2
post16781596	0.6	pebblespebbles	italiano	L1
post11725850	0.605	pizzi	Italian, Italy	L1
post16750987	0.585	bearded	Italian	L1
post16752082	0.7	Necsus	Italian (Italy)	L1
post16753209	0.67	bearded	Italian	L1
post16742956	0.705	bearded	Italian	L1
post16679938	0.71	Anja.Ann	Italian	L1
post13690884	0.615	flaze	English -UK	L2
post16718451	0.7	bearded	Italian	L1
post13035191	0.78	Connie Eyeland	Italiano	L1
post16688668	0.66	bearded	Italian	L1
post16689014	0.605	Nino83	Italian	L1
post16689443	0.69	dragonseven	italiano	L1
post16689493	0.545	Nino83	Italian	L1
post16689868	0.665	dragonseven	italiano	L1
post16690093	0.655	francisgranada	Hungarian	L2
post16690826	0.585	Nino83	Italian	L1
post16691753	0.715	dragonseven	italiano	L1
post16687595	0.675	francisgranada	Hungarian	L2
post16690337	0.76	Necsus	Italian (Italy)	L1
post16663268	0.65	bearded	Italian	L1
post16661314	0.635	Kywans	Italiano	L1
post16667804	0.585	Kywans	Italiano	L1
post16679726	0.535	Kywans	Italiano	L1
post16681196	0.64	Anja.Ann	Italian	L1
post16679505	0.72	dragonseven	italiano	L1
post16675490	0.645	dragonseven	italiano	L1
post16651771	0.665	bearded	Italian	L1
post16672601	0.56	bearded	Italian	L1
post5995423	0.71	Montesacro	Italiano	L1
post16729915	0.55	barking fellows	italiano e romagnolo	L1
post16717794	0.595	bearded	Italian	L1
post16720258	0.64	Necsus	Italian (Italy)	L1
post16652193	0.705	dragonseven	italiano	L1
post10161475	0.695	joy68	Polish	L2
post15905197	0.655	quasi.stellar	italiano - italiano	L1
post16624058	0.58	dragonseven	italiano	L1
post16625840	0.705	dragonseven	italiano	L1
post16647424	0.69	bearded	Italian	L1
post1087135	0.655	Necsus	Italian (Italy)	L1
post16613596	0.735	Necsus	Italian (Italy)	L1
post16572415	0.69	subterlabentia	Italian - IT	L1
post16574028	0.515	frugnaglio	Italian	L1
post16574288	0.59	subterlabentia	Italian - IT	L1
post12958941	0.62	Connie Eyeland	Italiano	L1
post11410580	0.74	Giorgio Spizzi	Italian	L1
post12491603	0.595	Giorgio Spizzi	Italian	L1
post16524042	0.575	Tandoi	Italiano  Italy	L1
post16473360	0.62	dragonseven	italiano	L1
post16520822	0.675	dragonseven	italiano	L1
post13241891	0.64	Connie Eyeland	Italiano	L1
post16481913	0.645	Ezzelino	Italian	L1
post16481285	0.615	Floridsdorfer	Italian, Spanish, Sardinian (trilingual)	L1
post16482124	0.575	Floridsdorfer	Italian, Spanish, Sardinian (trilingual)	L1
post11976070	0.685	Youngfun	Wu Chinese & Italian	L1
post16415487	0.505	dragonseven	italiano	L1
post16390313	0.59	vtbb	English - USA	L2
post16367693	0.625	dragonseven	italiano	L1
post14273234	0.56	Nino83	Italian	L1
post16304454	0.67	bearded	Italian	L1
post16312168	0.715	francisgranada	Hungarian	L2
post16316242	0.65	dragonseven	italiano	L1
post16316366	0.57	dragonseven	italiano	L1
post15794353	0.625	Nino83	Italian	L1
post15794973	0.485	Nino83	Italian	L1
post5327772	0.715	SunDraw	Veneto (Italia)	L1
post5383832	0.69	SunDraw	Veneto (Italia)	L1
post16220287	0.725	Floridsdorfer	Italian, Spanish, Sardinian (trilingual)	L1
post16220388	0.68	Floridsdorfer	Italian, Spanish, Sardinian (trilingual)	L1
post16220425	0.645	Floridsdorfer	Italian, Spanish, Sardinian (trilingual)	L1
post16224811	0.715	dragonseven	italiano	L1
post16225231	0.735	dragonseven	italiano	L1
post16230581	0.69	Floridsdorfer	Italian, Spanish, Sardinian (trilingual)	L1
post16231175	0.735	dragonseven	italiano	L1
post16232907	0.645	Floridsdorfer	Italian, Spanish, Sardinian (trilingual)	L1
post16233645	0.66	dragonseven	italiano	L1
post16235057	0.675	Floridsdorfer	Italian, Spanish, Sardinian (trilingual)	L1
post16235430	0.675	Floridsdorfer	Italian, Spanish, Sardinian (trilingual)	L1
post16236074	0.715	Floridsdorfer	Italian, Spanish, Sardinian (trilingual)	L1
post16249089	0.77	dragonseven	italiano	L1
post16249446	0.645	Floridsdorfer	Italian, Spanish, Sardinian (trilingual)	L1
post16234095	0.645	dragonseven	italiano	L1
post16214428	0.705	dragonseven	italiano	L1
post7554744	0.58	Ezzelino	Italian	L1
post16205874	0.65	Floridsdorfer	Italian, Spanish, Sardinian (trilingual)	L1
post16209535	0.66	Floridsdorfer	Italian, Spanish, Sardinian (trilingual)	L1
post16213623	0.675	Floridsdorfer	Italian, Spanish, Sardinian (trilingual)	L1
post16188339	0.59	chipulukusu	Italian	L1
post16190296	0.695	dragonseven	italiano	L1
post16209687	0.605	Floridsdorfer	Italian, Spanish, Sardinian (trilingual)	L1
post16209774	0.605	Floridsdorfer	Italian, Spanish, Sardinian (trilingual)	L1
post16216481	0.735	Pugnator	Neapoilitan (Naples) / Italian (Italy)	L1
post16211736	0.555	Ghia Gvibjilia	Georgian	L2
post16126918	0.625	satyaputra	Italian	L1
post16192501	0.625	dragonseven	italiano	L1
post16123947	0.575	francisgranada	Hungarian	L2
post16125119	0.635	King Crimson	Italiano	L1
post16125527	0.62	King Crimson	Italiano	L1
post16103768	0.705	Jimmy_Jazz	Italiano	L1
post16108952	0.735	Anja.Ann	Italian	L1
post16103276	0.67	Jimmy_Jazz	Italiano	L1
post12598724	0.63	bostero	Italian/Spanish/Sardinian - trilingual	L1
post16048792	0.705	quasi.stellar	italiano - italiano	L1
post16094728	0.7	quasi.stellar	italiano - italiano	L1
post16101689	0.61	dragonseven	italiano	L1
post16078209	0.73	dragonseven	italiano	L1
post16094834	0.66	quasi.stellar	italiano - italiano	L1
post16098825	0.62	quasi.stellar	italiano - italiano	L1
post16098074	0.56	bearded	Italian	L1
post16071770	0.705	des_grieux	Polish	L2
post16053857	0.565	dragonseven	italiano	L1
post16054193	0.78	Nino83	Italian	L1
post11173448	0.76	singoloindividuo	italiano	L1
post1944489	0.61	daniele712	Italia	L1
post8066909	0.7	Azazel81	Italy - Italian	L1
post16044472	0.565	quasi.stellar	italiano - italiano	L1
post16041531	0.67	quasi.stellar	italiano - italiano	L1
post15987802	0.595	quasi.stellar	italiano - italiano	L1
post15994664	0.66	quasi.stellar	italiano - italiano	L1
post16033904	0.615	quasi.stellar	italiano - italiano	L1
post16038765	0.64	Anja.Ann	Italian	L1
post16036238	0.78	Anja.Ann	Italian	L1
post16033968	0.74	Anja.Ann	Italian	L1
post16031266	0.635	quasi.stellar	italiano - italiano	L1
post9734667	0.72	zipp404	Bilingual English|Español	L2
post15975059	0.61	quasi.stellar	italiano - italiano	L1
post15975143	0.705	quasi.stellar	italiano - italiano	L1
post15974380	0.71	quasi.stellar	italiano - italiano	L1
post1732797	0.645	daniele712	Italia	L1
post3854392	0.73	Necsus	Italian (Italy)	L1
post6182208	0.635	Andrea70	Italia Italiano	L1
post6182219	0.7	Andrea70	Italia Italiano	L1
post9931607	0.54	giorgiob	Italian / Italian	L1
post14614722	0.545	Correctrix	Standard English	L2
post3642539	0.61	la italianilla	Italia	L1
post15909913	0.73	lorenzos	italiano	L1
post15904194	0.77	quasi.stellar	italiano - italiano	L1
post15908979	0.69	Nino83	Italian	L1
post4413687	0.705	saltapicchio	Italia (Roma) - Italiano	L1
post5190807	0.7	PacoBajito	Italiano standard, Napoletano	L1
post5196787	0.49	SunDraw	Veneto (Italia)	L1
post6439120	0.795	CloseTheDoor	Italie, italien	L1
post6462504	0.715	Hermocrates	Italian & British English (bilingual)	L1
post15813338	0.66	bo-marco	Italiano Italia - Emiliano Mirandola	L1
post15817872	0.675	francisgranada	Hungarian	L2
post15871951	0.67	symposium	Italian - Italy	L1
post15871869	0.59	dragonseven	italiano	L1
post15851824	0.795	Necsus	Italian (Italy)	L1
post15868947	0.655	bearded	Italian	L1
post15900771	0.73	dragonseven	italiano	L1
post15910426	0.725	dragonseven	italiano	L1
post15915621	0.715	Paolo Yogurt	Italiano, veneto - veronese	L1
post15916125	0.74	dragonseven	italiano	L1
post15916451	0.69	Paolo Yogurt	Italiano, veneto - veronese	L1
post15916744	0.765	Anja.Ann	Italian	L1
post15916922	0.67	Paolo Yogurt	Italiano, veneto - veronese	L1
post15917594	0.73	dragonseven	italiano	L1
post15921308	0.655	Paolo Yogurt	Italiano, veneto - veronese	L1
post15921343	0.665	Paolo Yogurt	Italiano, veneto - veronese	L1
post15921371	0.625	dragonseven	italiano	L1
post15921480	0.63	Pugnator	Neapoilitan (Naples) / Italian (Italy)	L1
post15926326	0.73	Paolo Yogurt	Italiano, veneto - veronese	L1
post15930020	0.655	Pugnator	Neapoilitan (Naples) / Italian (Italy)	L1
post15934116	0.705	dragonseven	italiano	L1
post15934513	0.695	dragonseven	italiano	L1
post15934573	0.66	Pugnator	Neapoilitan (Naples) / Italian (Italy)	L1
post12889522	0.67	Connie Eyeland	Italiano	L1
post14085229	0.5	dragonseven	italiano	L1
post14091369	0.54	Odysseus54	Italian - Marche	L1
post15796311	0.59	dragonseven	italiano	L1
post15751855	0.66	quasi.stellar	italiano - italiano	L1
post15762147	0.715	francisgranada	Hungarian	L2
post15763553	0.5	Nino83	Italian	L1
post1347704	0.645	f4bo	italian	L1
post15710692	0.685	dragonseven	italiano	L1
post15711407	0.71	quasi.stellar	italiano - italiano	L1
post15788654	0.77	Landslide89	Italiano	L1
post15733825	0.415	dragonseven	italiano	L1
post15786911	0.685	dragonseven	italiano	L1
post9995441	0.69	Giorgino	Italian	L1
post9995607	0.67	Giorgino	Italian	L1
post9997116	0.725	Odysseus54	Italian - Marche	L1
post9997340	0.655	Giorgino	Italian	L1
post9999500	0.61	francisgranada	Hungarian	L2
post9999817	0.705	Odysseus54	Italian - Marche	L1
post10000298	0.695	Giorgino	Italian	L1
post15440187	0.67	Hybriss	Italiano - Italia	L1
post15442284	0.715	giginho	Italiano & Piemontese	L1
post15757630	0.57	Dgbng	Italiano - Italia	L1
post15757987	0.735	Dgbng	Italiano - Italia	L1
post15758304	0.685	Dgbng	Italiano - Italia	L1
post15759485	0.7	Dgbng	Italiano - Italia	L1
post15760031	0.735	Dgbng	Italiano - Italia	L1
post15780754	0.76	Dgbng	Italiano - Italia	L1
post15780996	0.78	Dgbng	Italiano - Italia	L1
post15781074	0.71	giginho	Italiano & Piemontese	L1
post11507875	0.73	Necsus	Italian (Italy)	L1
post15743521	0.675	quasi.stellar	italiano - italiano	L1
post15707733	0.72	quasi.stellar	italiano - italiano	L1
post15691582	0.66	quasi.stellar	italiano - italiano	L1
post15692281	0.68	quasi.stellar	italiano - italiano	L1
post15692870	0.72	Pugnator	Neapoilitan (Naples) / Italian (Italy)	L1
post15693140	0.71	quasi.stellar	italiano - italiano	L1
post15672817	0.67	bearded	Italian	L1
post15671157	0.685	quasi.stellar	italiano - italiano	L1
post15684114	0.69	quasi.stellar	italiano - italiano	L1
post15680697	0.62	quasi.stellar	italiano - italiano	L1
post15667868	0.63	quasi.stellar	italiano - italiano	L1
post15669256	0.66	Pugnator	Neapoilitan (Naples) / Italian (Italy)	L1
post15669385	0.7	quasi.stellar	italiano - italiano	L1
post15669445	0.65	Pugnator	Neapoilitan (Naples) / Italian (Italy)	L1
post15619069	0.655	quasi.stellar	italiano - italiano	L1
post15628251	0.675	Nino83	Italian	L1
post15648971	0.56	turtle87crociato	Italiano	L1
post15643015	0.62	quasi.stellar	italiano - italiano	L1
post15639773	0.69	Pugnator	Neapoilitan (Naples) / Italian (Italy)	L1
post15630551	0.755	quasi.stellar	italiano - italiano	L1
post15623458	0.605	quasi.stellar	italiano - italiano	L1
post15622955	0.64	quasi.stellar	italiano - italiano	L1
post15579998	0.66	Pegasillo	Italian - Italy	L1
post15614902	0.585	quasi.stellar	italiano - italiano	L1
post15582685	0.625	ohbice	italiano	L1
post15598818	0.645	Necsus	Italian (Italy)	L1
post15652984	0.755	Pugnator	Neapoilitan (Naples) / Italian (Italy)	L1
post15655889	0.68	Pugnator	Neapoilitan (Naples) / Italian (Italy)	L1
post6862918	0.695	Hermocrates	Italian & British English (bilingual)	L1
post6864745	0.63	Enloquecida	Italian	L1
post6864892	0.685	federicoft	Italian	L1
post6872023	0.72	MünchnerFax	Italian, Italy	L1
post6874331	0.68	Enloquecida	Italian	L1
post6874541	0.7	MünchnerFax	Italian, Italy	L1
post6875876	0.65	Enloquecida	Italian	L1
post15522942	0.6	Nino83	Italian	L1
post15633826	0.62	Pegasillo	Italian - Italy	L1
post15635809	0.585	quasi.stellar	italiano - italiano	L1
post15636992	0.705	Pegasillo	Italian - Italy	L1
post15637138	0.715	Pegasillo	Italian - Italy	L1
post15637478	0.655	dragonseven	italiano	L1
post15639135	0.725	Pegasillo	Italian - Italy	L1
post15640128	0.605	dragonseven	italiano	L1
post15642356	0.695	Pegasillo	Italian - Italy	L1
post15651995	0.69	dragonseven	italiano	L1
post15653827	0.74	dragonseven	italiano	L1
post15568697	0.58	dragonseven	italiano	L1
post15570378	0.71	dragonseven	italiano	L1
post15613085	0.7	quasi.stellar	italiano - italiano	L1
post15557805	0.65	frugnaglio	Italian	L1
post15559568	0.61	francisgranada	Hungarian	L2
post15562288	0.69	dragonseven	italiano	L1
post15527343	0.605	dragonseven	italiano	L1
post15544699	0.465	Giorgio Spizzi	Italian	L1
post15539993	0.64	dragonseven	italiano	L1
post15538343	0.665	dragonseven	italiano	L1
post4089854	0.62	Necsus	Italian (Italy)	L1
post4099566	0.675	Necsus	Italian (Italy)	L1
post14138543	0.525	giginho	Italiano & Piemontese	L1
post15517779	0.505	dragonseven	italiano	L1
post15582043	0.735	Pegasillo	Italian - Italy	L1
post15511328	0.7	Paulfromitaly	Italian	L1
post3371807	0.63	::Francesca::	Italy  Italian	L1
post3374581	0.685	::Francesca::	Italy  Italian	L1
post3377190	0.625	bubu7	Italiano	L1
post12408775	0.73	Sempervirens	italiano	L1
post12454168	0.67	Sempervirens	italiano	L1
post12470536	0.675	Anja.Ann	Italian	L1
post14232797	0.695	Anja.Ann	Italian	L1
post15483534	0.675	rocco luigi nichil	italiano - Italia	L1
post15481974	0.695	Antonmike	Russian-Russia	L2
post15522078	0.71	Necsus	Italian (Italy)	L1
post15522125	0.535	frugnaglio	Italian	L1
post15522304	0.55	dragonseven	italiano	L1
post15522533	0.685	Necsus	Italian (Italy)	L1
post9158771	0.705	ursu-lab	italian, catalan & spanish	L1
post15405154	0.55	Nino83	Italian	L1
post5168918	0.655	Necsus	Italian (Italy)	L1
post7243820	0.735	facciadipietra	Italian (northern, southern and central background)	L1
post8276655	0.71	effeundici	Italian - Tuscany	L1
post8276818	0.7	ursu-lab	italian, catalan & spanish	L1
post7369438	0.66	nic3	ITALIAN	L1
post7375102	0.705	Necsus	Italian (Italy)	L1
post7413924	0.77	Ranocchietta	Italian	L1
post10718383	0.7	Dafne79	Italy	L1
post4038041	0.69	Necsus	Italian (Italy)	L1
post15355285	0.69	Necsus	Italian (Italy)	L1
post15318162	0.625	dragonseven	italiano	L1
post15319604	0.69	bearded	Italian	L1
post15320381	0.675	dragonseven	italiano	L1
post15321913	0.685	bearded	Italian	L1
post15322931	0.675	dragonseven	italiano	L1
post15324474	0.675	bearded	Italian	L1
post15338216	0.435	dragonseven	italiano	L1
post15338614	0.495	francisgranada	Hungarian	L2
post15338777	0.385	dragonseven	italiano	L1
post15339588	0.685	dragonseven	italiano	L1
post15339961	0.58	dragonseven	italiano	L1
post15344512	0.715	dragonseven	italiano	L1
post15344708	0.74	Nino83	Italian	L1
post15345931	0.73	dragonseven	italiano	L1
post15346559	0.72	Nino83	Italian	L1
post15349729	0.705	dragonseven	italiano	L1
post15350654	0.605	bearded	Italian	L1
post15353324	0.71	dragonseven	italiano	L1
post3885822	0.7	la italianilla	Italia	L1
post3887987	0.66	BlueWolf	Italian	L1
post3889965	0.675	la italianilla	Italia	L1
post3890180	0.735	Stiannu	Italy, Italian	L1
post3890552	0.7	xeneize	Italian	L1
post3890844	0.645	aphaelena	ITALIANO	L1
post4585837	0.7	LaBassista	Italia	L1
post4596251	0.66	la italianilla	Italia	L1
post4604362	0.67	Montesacro	Italiano	L1
post5525871	0.7	alberson	Italian	L1
post8985952	0.655	diuair	Spanish	L2
post9327985	0.735	Giorgino	Italian	L1
post15327739	0.67	dragonseven	italiano	L1
post15311643	0.69	dragonseven	italiano	L1
post15282945	0.625	frugnaglio	Italian	L1
post15282988	0.665	dragonseven	italiano	L1
post15283118	0.7	dragonseven	italiano	L1
post15306847	0.71	dragonseven	italiano	L1
post15309129	0.675	dragonseven	italiano	L1
post15303149	0.68	dragonseven	italiano	L1
post15276032	0.72	sarusaru	Japanese	L2
post1506227	0.735	Necsus	Italian (Italy)	L1
post14944412	0.645	Necsus	Italian (Italy)	L1
post14959484	0.72	Toadino2	Italian - Rome	L1
post14963151	0.695	Necsus	Italian (Italy)	L1
post15262015	0.685	Ganamant	Italian/French(FRA) - bilingual	L1
post15262387	0.635	Ganamant	Italian/French(FRA) - bilingual	L1
post15262754	0.71	dragonseven	italiano	L1
post15263378	0.68	bearded	Italian	L1
post15263903	0.62	Ganamant	Italian/French(FRA) - bilingual	L1
post15265496	0.65	dragonseven	italiano	L1
post15266968	0.725	dragonseven	italiano	L1
post15269186	0.705	frugnaglio	Italian	L1
post15269826	0.56	Nino83	Italian	L1
post15270778	0.72	dragonseven	italiano	L1
post15271531	0.665	frugnaglio	Italian	L1
post15274935	0.735	dragonseven	italiano	L1
post15275429	0.695	Nino83	Italian	L1
post15275945	0.73	dragonseven	italiano	L1
post15276994	0.635	frugnaglio	Italian	L1
post15278991	0.71	dragonseven	italiano	L1
post15279227	0.735	Nino83	Italian	L1
post15279348	0.695	dragonseven	italiano	L1
post15283941	0.725	dragonseven	italiano	L1
post15284240	0.555	Nino83	Italian	L1
post15265968	0.59	frugnaglio	Italian	L1
post11653465	0.67	Dafne79	Italy	L1
post15274632	0.67	sarpantra	Italian	L1
post15255206	0.69	bearded	Italian	L1
post15256403	0.695	bearded	Italian	L1
post15256846	0.675	dragonseven	italiano	L1
post15266795	0.66	Necsus	Italian (Italy)	L1
post2408831	0.715	awanzi	Italy, Italian	L1
post3260820	0.645	pomar	Italian	L1
post3334882	0.655	_forumuser_	Italian	L1
post3336945	0.66	xeneize	Italian	L1
post3339119	0.66	xeneize	Italian	L1
post3340093	0.65	xeneize	Italian	L1
post3342206	0.69	xeneize	Italian	L1
post3350704	0.7	kdl77	Italy, Italian	L1
post3351255	0.625	xeneize	Italian	L1
post3352057	0.67	xeneize	Italian	L1
post3432306	0.67	xeneize	Italian	L1
post3432614	0.705	DavìdV	Italia	L1
post3434172	0.73	xeneize	Italian	L1
post5422453	0.755	giusyna	italian	L1
post5486594	0.715	Queva	Italian	L1
post9613341	0.61	vikgigio	Italian, Italy	L1
post9615424	0.735	olaszinho	Central Italian	L1
post9615520	0.735	catrafuse	Italiano e Friulano	L1
post9617144	0.67	olaszinho	Central Italian	L1
post9623870	0.645	ElFrikiChino	Italian (Mantova)	L1
post9626766	0.625	elena73	Italian	L1
post9627218	0.735	ursu-lab	italian, catalan & spanish	L1
post9628306	0.645	ElFrikiChino	Italian (Mantova)	L1
post9631210	0.76	Montesacro	Italiano	L1
post9631514	0.65	elena73	Italian	L1
post9639473	0.625	olaszinho	Central Italian	L1
post9657652	0.665	ric.nic	Veneto, italian	L1
post9657828	0.775	federicoft	Italian	L1
post9658613	0.705	ric.nic	Veneto, italian	L1
post9660187	0.675	Linnets	italiano	L1
post9660229	0.675	ric.nic	Veneto, italian	L1
post9660550	0.73	federicoft	Italian	L1
post9660742	0.715	federicoft	Italian	L1
post9660995	0.785	Montesacro	Italiano	L1
post9663344	0.74	catrafuse	Italiano e Friulano	L1
post9666459	0.735	Linnets	italiano	L1
post9666673	0.73	ric.nic	Veneto, italian	L1
post9667144	0.73	Montesacro	Italiano	L1
post9667388	0.71	ric.nic	Veneto, italian	L1
post9667577	0.71	federicoft	Italian	L1
post9668315	0.74	Linnets	italiano	L1
post9668903	0.735	ric.nic	Veneto, italian	L1
post9668985	0.615	Paulfromitaly	Italian	L1
post9669020	0.73	ric.nic	Veneto, italian	L1
post9670888	0.735	federicoft	Italian	L1
post9671315	0.7	annapo	Italian	L1
post9671475	0.665	ElFrikiChino	Italian (Mantova)	L1
post9671940	0.65	annapo	Italian	L1
post9674858	0.66	federicoft	Italian	L1
post9674942	0.655	Paulfromitaly	Italian	L1
post9679618	0.64	federicoft	Italian	L1
post9679702	0.69	ric.nic	Veneto, italian	L1
post9681501	0.71	federicoft	Italian	L1
post9682106	0.665	ric.nic	Veneto, italian	L1
post9709806	0.695	annapo	Italian	L1
post9711655	0.7	annapo	Italian	L1
post9718425	0.715	Montesacro	Italiano	L1
post9718660	0.67	vale_new	Italian - Italy	L1
post9720288	0.655	Elianor	Italia - italiano	L1
post9732439	0.75	federicoft	Italian	L1
post15257076	0.67	francisgranada	Hungarian	L2
post15261882	0.73	bearded	Italian	L1
post15262152	0.66	dragonseven	italiano	L1
post15197447	0.72	dragonseven	italiano	L1
post15202352	0.72	dragonseven	italiano	L1
post15219399	0.62	Feainn	Italian & Venetian	L1
post15240607	0.7	bearded	Italian	L1
post15206354	0.63	bearded	Italian	L1
post15198953	0.68	lorenzos	italiano	L1
post15218030	0.585	dragonseven	italiano	L1
post15185075	0.655	dejudicibus	Italian (Italy)	L1
post1732954	0.615	Necsus	Italian (Italy)	L1
post15171600	0.665	dragonseven	italiano	L1
post15155186	0.7	dragonseven	italiano	L1
post15164738	0.69	dragonseven	italiano	L1
post15158101	0.575	flasa	Italiano	L1
post15112780	0.68	Frankisk	Italiano	L1
post15141109	0.73	dragonseven	italiano	L1
post15152629	0.73	dragonseven	italiano	L1
post15150146	0.675	zipp404	Bilingual English|Español	L2
post5116539	0.695	federicoft	Italian	L1
post11303686	0.63	Cosimo Piovasco	Italiano, Italia	L1
post11305389	0.715	francisgranada	Hungarian	L2
post15150734	0.655	Psychodelica	Russian	L2
post15148197	0.66	Sempervirens	italiano	L1
post15150338	0.625	zipp404	Bilingual English|Español	L2
post15150347	0.55	bearded	Italian	L1
post15139359	0.675	Necsus	Italian (Italy)	L1
post15141353	0.61	bearded	Italian	L1
post15142388	0.575	Necsus	Italian (Italy)	L1
post15134321	0.55	Nino83	Italian	L1
post15135090	0.665	francisgranada	Hungarian	L2
post15131807	0.705	Sempervirens	italiano	L1
post15082050	0.685	Nino83	Italian	L1
post15095109	0.58	bearded	Italian	L1
post15114636	0.655	bearded	Italian	L1
post15079158	0.7	Feainn	Italian & Venetian	L1
post15104342	0.645	bearded	Italian	L1
post15023434	0.72	dragonseven	italiano	L1
post15025114	0.75	dragonseven	italiano	L1
post15032006	0.665	mugnozzo	Italian - Italy	L1
post15046938	0.715	dragonseven	italiano	L1
post15091806	0.695	bearded	Italian	L1
post15007157	0.625	turtle87crociato	Italiano	L1
post15010901	0.605	Kotis	Russo	L2
post15053114	0.755	Sempervirens	italiano	L1
post12164908	0.655	violadaprile	italian	L1
post12188599	0.69	Fairy Krystal	Italian	L1
post15001835	0.575	Necsus	Italian (Italy)	L1
post15005874	0.585	Curlen	Italiano	L1
post15006105	0.725	Necsus	Italian (Italy)	L1
post2678773	0.7	Necsus	Italian (Italy)	L1
post15004914	0.675	Sempervirens	italiano	L1
post14990152	0.755	Feainn	Italian & Venetian	L1
post14997203	0.69	Necsus	Italian (Italy)	L1
post14988980	0.67	lettore	russo	L2
post14993090	0.73	dragonseven	italiano	L1
post14994465	0.725	dragonseven	italiano	L1
post14989969	0.745	lettore	russo	L2
post14987651	0.64	ohbice	italiano	L1
post14988703	0.68	lettore	russo	L2
post14974386	0.68	Sempervirens	italiano	L1
post14958042	0.715	JMKNYC	English	L2
post2614351	0.74	_forumuser_	Italian	L1
post2615812	0.765	bubu7	Italiano	L1
post2616630	0.725	SunDraw	Veneto (Italia)	L1
post14938951	0.57	ohbice	italiano	L1
post11718963	0.59	luway	Italian	L1
post14912224	0.615	Curlen	Italiano	L1
post13142124	0.65	ohbice	italiano	L1
post13142233	0.67	VogaVenessian	Italiano	L1
post14903168	0.47	Necsus	Italian (Italy)	L1
post14879912	0.695	dragonseven	italiano	L1
post14844029	0.735	dragonseven	italiano	L1
post14871443	0.73	dragonseven	italiano	L1
post14880193	0.69	dragonseven	italiano	L1
post14880683	0.645	stella_maris_74	Italian - Italy	L1
post14868509	0.535	Uticens678	Italiano	L1
post14852564	0.665	zipp404	Bilingual English|Español	L2
post14854072	0.63	zipp404	Bilingual English|Español	L2
post14854998	0.655	Kotis	Russo	L2
post14843225	0.625	dragonseven	italiano	L1
post12130492	0.67	violadaprile	italian	L1
post14830846	0.605	Nino83	Italian	L1
post14836757	0.63	Necsus	Italian (Italy)	L1
post14825439	0.72	bearded	Italian	L1
post14828206	0.74	giginho	Italiano & Piemontese	L1
post14828992	0.61	dragonseven	italiano	L1
post9286541	0.63	zipp404	Bilingual English|Español	L2
post5992836	0.65	Saoul	Italian	L1
post6031628	0.805	dewill	italiano, français, s.duetsch	L1
post14690470	0.645	dragonseven	italiano	L1
post14795053	0.63	zipp404	Bilingual English|Español	L2
post14788286	0.675	Odysseus54	Italian - Marche	L1
post14789790	0.72	stella_maris_74	Italian - Italy	L1
post14790420	0.63	Anja.Ann	Italian	L1
post14790499	0.66	Odysseus54	Italian - Marche	L1
post14790650	0.735	violapais	italian	L1
post9252383	0.605	laurentius87	Italian	L1
post12474346	0.645	White Goat	Italian	L1
post12526972	0.675	Giorgio Spizzi	Italian	L1
post14697322	0.69	crubsc	Portuguese	L2
post14698065	0.68	crubsc	Portuguese	L2
post14699742	0.55	Nino83	Italian	L1
post14605321	0.705	dragonseven	italiano	L1
post14609963	0.785	dragonseven	italiano	L1
post14705716	0.655	ivanbcn	Italiano - Roma	L1
post14694020	0.64	zipp404	Bilingual English|Español	L2
post14677747	0.775	fedeeffe	Italiano	L1
post14678216	0.745	dragonseven	italiano	L1
post14677037	0.64	dragonseven	italiano	L1
post14640755	0.745	francisgranada	Hungarian	L2
post14647368	0.69	Necsus	Italian (Italy)	L1
post8664905	0.64	ebreoerrante	Italian - Itay & Venetian	L1
post11263604	0.68	Necsus	Italian (Italy)	L1
post14618709	0.665	dragonseven	italiano	L1
post14609675	0.69	dragonseven	italiano	L1
post14605084	0.585	_Marta_	italiano	L1
post3305451	0.47	eva 62	Greece Greek	L2
post3306402	0.67	Necsus	Italian (Italy)	L1
post13259169	0.495	Connie Eyeland	Italiano	L1
post2900679	0.71	SunDraw	Veneto (Italia)	L1
post14524526	0.56	Necsus	Italian (Italy)	L1
post14533066	0.725	dragonseven	italiano	L1
post4436756	0.615	salix	Italy - Italian	L1
post14492976	0.6	chipulukusu	Italian	L1
post14355175	0.77	dragonseven	italiano	L1
post14355841	0.745	Nephelai	Italian	L1
post14357180	0.72	dragonseven	italiano	L1
post14445329	0.66	Re della Strada	Italiano	L1
post14451724	0.74	fedeeffe	Italiano	L1
post14262815	0.68	giuuj	italiano	L1
post14391669	0.555	Nino83	Italian	L1
post14391771	0.505	Nino83	Italian	L1
post14007878	0.37	Nino83	Italian	L1
post14008890	0.52	Nino83	Italian	L1
post14009200	0.48	Nino83	Italian	L1
post14009224	0.64	matoupaschat	Français (Belgique)	L2
post14348412	0.705	dragonseven	italiano	L1
post14357484	0.72	dragonseven	italiano	L1
post14366699	0.73	dragonseven	italiano	L1
post13398167	0.735	Connie Eyeland	Italiano	L1
post14374532	0.675	dragonseven	italiano	L1
post14422091	0.665	Nino83	Italian	L1
post14436101	0.73	Breddy	italiano	L1
post14437447	0.735	Anja.Ann	Italian	L1
post14423090	0.635	Odysseus54	Italian - Marche	L1
post14382889	0.515	Pequod	Italiano - Sud	L1
post14321838	0.68	dragonseven	italiano	L1
post14339327	0.715	dragonseven	italiano	L1
post14336069	0.74	dragonseven	italiano	L1
post14358766	0.58	alsace1961	French/Italian bilingual	L1
post14352351	0.67	dragonseven	italiano	L1
post14322335	0.61	dragonseven	italiano	L1
post14294589	0.58	dragonseven	italiano	L1
post14301623	0.7	Walt Whitman	Italian - Italy	L1
post14305704	0.685	dragonseven	italiano	L1
post14238339	0.725	Don1	Italian	L1
post14270394	0.68	francisgranada	Hungarian	L2
post14261395	0.555	Nino83	Italian	L1
post14261859	0.635	giginho	Italiano & Piemontese	L1
post14257390	0.675	PaolaM.88	italian	L1
post12184645	0.7	Luca1986	Italiano	L1
post12186796	0.665	violadaprile	italian	L1
post14175997	0.695	dragonseven	italiano	L1
post14222053	0.735	Anja.Ann	Italian	L1
post14222265	0.69	ale.ttone	Italian	L1
post14212976	0.675	CaioGiulio	Italiano	L1
post14214557	0.71	Sempervirens	italiano	L1
post14214794	0.605	dragonseven	italiano	L1
post14208275	0.715	dragonseven	italiano	L1
post14216152	0.71	dragonseven	italiano	L1
post14201592	0.555	Nino83	Italian	L1
post14197823	0.51	Nino83	Italian	L1
post14186614	0.575	azaly87	Italiano	L1
post14179505	0.685	CaioGiulio	Italiano	L1
post14173791	0.735	Sempervirens	italiano	L1
post7958993	0.58	zipp404	Bilingual English|Español	L2
post12107324	0.65	violadaprile	italian	L1
post12107600	0.55	francisgranada	Hungarian	L2
post12112048	0.71	violadaprile	italian	L1
post14132506	0.715	Odysseus54	Italian - Marche	L1
post14133253	0.65	telhas	Italiano - Italia	L1
post14083069	0.655	dragonseven	italiano	L1
post14085101	0.75	Sempervirens	italiano	L1
post14087190	0.73	Sempervirens	italiano	L1
post14087343	0.7	francisgranada	Hungarian	L2
post14090779	0.755	dragonseven	italiano	L1
post14052642	0.59	dragonseven	italiano	L1
post14054837	0.605	Odysseus54	Italian - Marche	L1
post14056724	0.695	dragonseven	italiano	L1
post14057671	0.69	Odysseus54	Italian - Marche	L1
post14082944	0.665	dragonseven	italiano	L1
post14050302	0.67	dragonseven	italiano	L1
post14040016	0.665	dragonseven	italiano	L1
post14046582	0.67	dragonseven	italiano	L1
post14035306	0.625	bearded	Italian	L1
post14021313	0.705	Helevorn	Modenese, Italian	L1
post11655208	0.72	Maioneselover	Italiano - Italia	L1
post11656948	0.675	Youngfun	Wu Chinese & Italian	L1
post13438895	0.66	Connie Eyeland	Italiano	L1
post14000178	0.63	dragonseven	italiano	L1
post14001155	0.615	Odysseus54	Italian - Marche	L1
post14024384	0.73	Odysseus54	Italian - Marche	L1
post13988308	0.55	dragonseven	italiano	L1
post13988735	0.715	bearded	Italian	L1
post13989382	0.65	dragonseven	italiano	L1
post13992227	0.685	dragonseven	italiano	L1
post13999985	0.615	dragonseven	italiano	L1
post13991390	0.66	Nino83	Italian	L1
post13991401	0.61	giginho	Italiano & Piemontese	L1
post13292886	0.525	Connie Eyeland	Italiano	L1
post13294944	0.605	Connie Eyeland	Italiano	L1
post13973546	0.765	matoupaschat	Français (Belgique)	L2
post13976354	0.72	bearded	Italian	L1
post11764097	0.635	oirelav	italian	L1
post13965668	0.675	Sempervirens	italiano	L1
post13922002	0.645	dragonseven	italiano	L1
post13922788	0.675	Sempervirens	italiano	L1
post13922794	0.565	Nino83	Italian	L1
post13922825	0.71	marco 1958	italian	L1
post4102961	0.72	SunDraw	Veneto (Italia)	L1
post12758002	0.64	undine	Italian	L1
post13928999	0.715	marco 1958	italian	L1
post13933768	0.62	gnurreo92	italian	L1
post13934733	0.7	matoupaschat	Français (Belgique)	L2
post13933810	0.605	gnurreo92	italian	L1
post13934907	0.605	gnurreo92	italian	L1
post13929181	0.655	marco 1958	italian	L1
post13914830	0.75	dragonseven	italiano	L1
post13529594	0.62	dragonseven	italiano	L1
post13850485	0.525	Paulfromitaly	Italian	L1
post10823004	0.65	ursu-lab	italian, catalan & spanish	L1
post10827814	0.56	francisgranada	Hungarian	L2
post13763612	0.72	dôghen	italiano	L1
post13764270	0.66	dôghen	italiano	L1
post13764748	0.59	dôghen	italiano	L1
post13850677	0.535	MyWordsInProgress	Italiano - Italia	L1
post13815380	0.645	Francesco22	italiano	L1
post13816899	0.69	dôghen	italiano	L1
post2590324	0.725	SunDraw	Veneto (Italia)	L1
post13705652	0.755	francisgranada	Hungarian	L2
post13706301	0.715	dragonseven	italiano	L1
post13708522	0.745	dragonseven	italiano	L1
post13808612	0.72	stella_maris_74	Italian - Italy	L1
post13808033	0.535	Walt Whitman	Italian - Italy	L1
post13805131	0.545	Nino83	Italian	L1
post13788033	0.665	dôghen	italiano	L1
post13781685	0.685	dôghen	italiano	L1
post13765188	0.75	dôghen	italiano	L1
post13637125	0.74	dôghen	italiano	L1
post13758891	0.585	dôghen	italiano	L1
post13757494	0.71	dôghen	italiano	L1
post13758697	0.615	dôghen	italiano	L1
post1732667	0.655	daniele712	Italia	L1
post13608671	0.625	Nino83	Italian	L1
post13735736	0.655	dôghen	italiano	L1
post13737703	0.71	dôghen	italiano	L1
post13741020	0.765	Sempervirens	italiano	L1
post13712541	0.69	dôghen	italiano	L1
post13715855	0.75	dôghen	italiano	L1
post13576450	0.565	gfa	Italian	L1
post13103666	0.68	Connie Eyeland	Italiano	L1
post13688930	0.645	dragonseven	italiano	L1
post13689670	0.49	Nino83	Italian	L1
post13699621	0.58	Nino83	Italian	L1
post11505243	0.7	ABI_666	italiano	L1
post974734	0.72	Broca's Area	Italian / Italy	L1
post13643834	0.74	dôghen	italiano	L1
post13644155	0.71	dragonseven	italiano	L1
post13644916	0.69	dôghen	italiano	L1
post13645738	0.755	dôghen	italiano	L1
post13647575	0.69	dragonseven	italiano	L1
post13640522	0.72	dôghen	italiano	L1
post13625121	0.665	Sempervirens	italiano	L1
post13626560	0.715	dôghen	italiano	L1
post13617648	0.51	robin.at.night	Italian-Italy	L1
post13618223	0.615	dôghen	italiano	L1
post12191067	0.695	violadaprile	italian	L1
post12192012	0.64	violadaprile	italian	L1
post13592854	0.69	dôghen	italiano	L1
post13593252	0.615	Nino83	Italian	L1
post13585656	0.7	Sempervirens	italiano	L1
post13594623	0.675	dôghen	italiano	L1
post13576968	0.705	gfa	Italian	L1
post13517199	0.675	Connie Eyeland	Italiano	L1
post13561379	0.71	Connie Eyeland	Italiano	L1
post13556325	0.625	Rob625	English - England	L2
post13515363	0.74	Connie Eyeland	Italiano	L1
post13518129	0.705	chipulukusu	Italian	L1
post13556445	0.62	EugeneIt	ucraino	L2
post13553051	0.595	chipulukusu	Italian	L1
post13487383	0.68	Passante	italian	L1
post13501340	0.64	ohbice	italiano	L1
post13502148	0.66	Passante	italian	L1
post13520681	0.7	dragonseven	italiano	L1
post13521072	0.68	ohbice	italiano	L1
post13547317	0.63	chipulukusu	Italian	L1
post13528661	0.565	Connie Eyeland	Italiano	L1
post13515392	0.605	chipulukusu	Italian	L1
post13517649	0.565	Passante	italian	L1
post13518017	0.62	chipulukusu	Italian	L1
post13513430	0.75	Connie Eyeland	Italiano	L1
post13514408	0.705	Connie Eyeland	Italiano	L1
post13457995	0.675	Connie Eyeland	Italiano	L1
post13513833	0.67	Connie Eyeland	Italiano	L1
post13501966	0.705	Connie Eyeland	Italiano	L1
post13461594	0.64	Connie Eyeland	Italiano	L1
post13483904	0.53	soop	italiano	L1
post13469951	0.62	dragonseven	italiano	L1
post13470685	0.62	stella_maris_74	Italian - Italy	L1
post13471995	0.66	chipulukusu	Italian	L1
post13462486	0.72	Connie Eyeland	Italiano	L1
post13468630	0.71	Connie Eyeland	Italiano	L1
post13448712	0.54	Connie Eyeland	Italiano	L1
post13450588	0.66	Connie Eyeland	Italiano	L1
post13449780	0.56	rebusX	Italian	L1
post2977414	0.765	SunDraw	Veneto (Italia)	L1
post13383331	0.69	francisgranada	Hungarian	L2
post13383688	0.705	Connie Eyeland	Italiano	L1
post13446711	0.69	Connie Eyeland	Italiano	L1
post13440929	0.725	Connie Eyeland	Italiano	L1
post13438161	0.665	Connie Eyeland	Italiano	L1
post13428522	0.62	Passante	italian	L1
post13429094	0.65	Ёж!	Русский	L2
post13430834	0.67	francisgranada	Hungarian	L2
post13431624	0.715	Ёж!	Русский	L2
post13436081	0.625	Connie Eyeland	Italiano	L1
post13438700	0.59	Connie Eyeland	Italiano	L1
post13431849	0.755	Lorenc	Italian	L1
post13407921	0.69	Connie Eyeland	Italiano	L1
post2451856	0.48	SunDraw	Veneto (Italia)	L1
post2457057	0.575	SunDraw	Veneto (Italia)	L1
post2466290	0.505	SunDraw	Veneto (Italia)	L1
post2466590	0.6	vikgigio	Italian, Italy	L1
post2483564	0.73	SunDraw	Veneto (Italia)	L1
post13419114	0.685	Connie Eyeland	Italiano	L1
post1576216	0.77	sabrinita85	Italian	L1
post1577712	0.755	daniele712	Italia	L1
post1609609	0.745	Saoul	Italian	L1
post1610538	0.72	Saoul	Italian	L1
post3113853	0.74	SunDraw	Veneto (Italia)	L1
post13398397	0.735	Connie Eyeland	Italiano	L1
post13399081	0.665	Sempervirens	italiano	L1
post13398869	0.745	dragonseven	italiano	L1
post13408547	0.735	Connie Eyeland	Italiano	L1
post13396126	0.66	Connie Eyeland	Italiano	L1
post13393986	0.615	dragonseven	italiano	L1
post13395733	0.64	Sempervirens	italiano	L1
post13401432	0.69	dragonseven	italiano	L1
post13402438	0.64	ohbice	italiano	L1
post13402573	0.665	ursu-lab	italian, catalan & spanish	L1
post13383552	0.675	Connie Eyeland	Italiano	L1
post13396097	0.7	Connie Eyeland	Italiano	L1
post13398296	0.7	Connie Eyeland	Italiano	L1
post2047947	0.53	Necsus	Italian (Italy)	L1
post2047948	0.55	Necsus	Italian (Italy)	L1
post2049495	0.7	pizzi	Italian, Italy	L1
post2127107	0.53	Necsus	Italian (Italy)	L1
post2127120	0.535	Necsus	Italian (Italy)	L1
post4427583	0.73	Necsus	Italian (Italy)	L1
post4427605	0.635	Necsus	Italian (Italy)	L1
post4427625	0.615	Necsus	Italian (Italy)	L1
post4428396	0.67	SunDraw	Veneto (Italia)	L1
post4433062	0.675	SunDraw	Veneto (Italia)	L1
post4441708	0.655	Juri	italian/Slovenia	L1
post13387260	0.66	Connie Eyeland	Italiano	L1
post13384054	0.515	Connie Eyeland	Italiano	L1
post13375397	0.6	Connie Eyeland	Italiano	L1
post13352383	0.57	Anaiss	Italiano - Veneto	L1
post13331011	0.66	Connie Eyeland	Italiano	L1
post13330596	0.62	Connie Eyeland	Italiano	L1
post13347080	0.71	Connie Eyeland	Italiano	L1
post13325559	0.74	Connie Eyeland	Italiano	L1
post13336544	0.75	Federico García Lorca	Italiano	L1
post13330301	0.6	Connie Eyeland	Italiano	L1
post13331833	0.79	francisgranada	Hungarian	L2
post13334073	0.655	Connie Eyeland	Italiano	L1
post13331719	0.605	Connie Eyeland	Italiano	L1
post13323864	0.705	Connie Eyeland	Italiano	L1
post13322266	0.725	Connie Eyeland	Italiano	L1
post13323519	0.64	Connie Eyeland	Italiano	L1
post13142137	0.685	SunDraw	Veneto (Italia)	L1
post13269108	0.53	Connie Eyeland	Italiano	L1
post13249764	0.555	Connie Eyeland	Italiano	L1
post13225203	0.74	violapais	italian	L1
post13225683	0.715	violapais	italian	L1
post13224836	0.72	violapais	italian	L1
post13222770	0.62	Connie Eyeland	Italiano	L1
post6569518	0.635	franz rod	Italiano	L1
post13213051	0.73	Connie Eyeland	Italiano	L1
post13202139	0.685	Chichittu	italiano	L1
post13204492	0.615	Connie Eyeland	Italiano	L1
post13207501	0.645	Connie Eyeland	Italiano	L1
post13202319	0.69	Connie Eyeland	Italiano	L1
post13198610	0.63	Connie Eyeland	Italiano	L1
post13198884	0.54	Connie Eyeland	Italiano	L1
post2161726	0.63	vikgigio	Italian, Italy	L1
post13190847	0.61	Connie Eyeland	Italiano	L1
post13186141	0.59	Connie Eyeland	Italiano	L1
post13184919	0.645	Sandhinet	Italiano	L1
post13172608	0.64	Connie Eyeland	Italiano	L1
post13162984	0.57	Connie Eyeland	Italiano	L1
post13147813	0.6	Connie Eyeland	Italiano	L1
post13139613	0.655	Connie Eyeland	Italiano	L1
post2788753	0.74	MünchnerFax	Italian, Italy	L1
post2790689	0.76	SunDraw	Veneto (Italia)	L1
post2792139	0.67	itka	français	L2
post2802641	0.655	Annadina	Italy-Italian	L1
post6177700	0.615	Hermocrates	Italian & British English (bilingual)	L1
post6178647	0.65	mammut68	Italy italian	L1
post6182112	0.655	pask46	Italy-italian	L1
post13121942	0.73	Connie Eyeland	Italiano	L1
post13127987	0.61	Connie Eyeland	Italiano	L1
post13124501	0.7	Sempervirens	italiano	L1
post13035610	0.725	Connie Eyeland	Italiano	L1
post13118560	0.635	Connie Eyeland	Italiano	L1
post13102607	0.585	Connie Eyeland	Italiano	L1
post13104679	0.78	Connie Eyeland	Italiano	L1
post13114027	0.57	Connie Eyeland	Italiano	L1
post13106376	0.735	Connie Eyeland	Italiano	L1
post13109241	0.655	curiosone	AE - hillbilly ;)	L2
post13095259	0.575	Connie Eyeland	Italiano	L1
post13107233	0.63	Connie Eyeland	Italiano	L1
post13056337	0.645	Connie Eyeland	Italiano	L1
post13094704	0.61	Connie Eyeland	Italiano	L1
post1814269	0.69	uccellino	spagnolo	L2
post2491242	0.62	nicaldo	german-english bilingual	L2
post13091644	0.595	ohbice	italiano	L1
post7799862	0.66	zipp404	Bilingual English|Español	L2
post13087081	0.68	Connie Eyeland	Italiano	L1
post13081315	0.675	Connie Eyeland	Italiano	L1
post13073698	0.675	Connie Eyeland	Italiano	L1
post13059081	0.63	Sempervirens	italiano	L1
post13066720	0.56	Connie Eyeland	Italiano	L1
post13070156	0.6	Connie Eyeland	Italiano	L1
post13069965	0.67	Connie Eyeland	Italiano	L1
post13067204	0.67	Connie Eyeland	Italiano	L1
post13065624	0.69	Connie Eyeland	Italiano	L1
post13065602	0.595	Connie Eyeland	Italiano	L1
post13030500	0.585	Connie Eyeland	Italiano	L1
post13064733	0.575	Connie Eyeland	Italiano	L1
post12962539	0.58	Connie Eyeland	Italiano	L1
post12964409	0.72	Connie Eyeland	Italiano	L1
post13040062	0.655	Connie Eyeland	Italiano	L1
post13013612	0.61	Connie Eyeland	Italiano	L1
post13013805	0.65	elemika	Russian	L2
post13049850	0.735	Connie Eyeland	Italiano	L1
post13038294	0.625	Connie Eyeland	Italiano	L1
post13038541	0.615	Connie Eyeland	Italiano	L1
post13039886	0.615	Connie Eyeland	Italiano	L1
post13036025	0.685	Connie Eyeland	Italiano	L1
post13013439	0.675	Connie Eyeland	Italiano	L1
post13025700	0.565	Connie Eyeland	Italiano	L1
post13024101	0.71	Connie Eyeland	Italiano	L1
post13012627	0.69	Connie Eyeland	Italiano	L1
post13016095	0.645	Connie Eyeland	Italiano	L1
post12994289	0.6	Connie Eyeland	Italiano	L1
post13001263	0.63	Connie Eyeland	Italiano	L1
post12984468	0.565	Connie Eyeland	Italiano	L1
post12984603	0.63	Connie Eyeland	Italiano	L1
post12984743	0.715	Connie Eyeland	Italiano	L1
post12984992	0.685	Connie Eyeland	Italiano	L1
post12987898	0.7	Anja.Ann	Italian	L1
post12974931	0.675	Connie Eyeland	Italiano	L1
post12959222	0.59	Connie Eyeland	Italiano	L1
post1373013	0.725	Necsus	Italian (Italy)	L1
post2938911	0.63	alsmich	Spain, Spanish	L2
post12879067	0.635	Kibichan	Italian	L1
post11971980	0.705	idialegre	USA English	L2
post11976238	0.605	Youngfun	Wu Chinese & Italian	L1
post11997208	0.69	violadaprile	italian	L1
post12862274	0.625	Connie Eyeland	Italiano	L1
post12863153	0.785	Connie Eyeland	Italiano	L1
post12850206	0.63	hteamm	Italian	L1
post12847144	0.605	utsubo	Italiano	L1
post12831876	0.625	elenasusu	chinese	L2
post12798691	0.72	Giorgio Spizzi	Italian	L1
post9978599	0.65	annapo	Italian	L1
post12793045	0.72	Youngfun	Wu Chinese & Italian	L1
post12795307	0.705	Connie Eyeland	Italiano	L1
post12795309	0.71	Youngfun	Wu Chinese & Italian	L1
post12795372	0.71	Connie Eyeland	Italiano	L1
post12795616	0.65	Connie Eyeland	Italiano	L1
post12795744	0.67	Connie Eyeland	Italiano	L1
post12796108	0.685	Connie Eyeland	Italiano	L1
post12746923	0.61	Sempervirens	italiano	L1
post12753916	0.63	Connie Eyeland	Italiano	L1
post12792978	0.66	Connie Eyeland	Italiano	L1
post12784983	0.76	Connie Eyeland	Italiano	L1
post12779845	0.65	elenasusu	chinese	L2
post12776242	0.74	Connie Eyeland	Italiano	L1
post12763910	0.67	Connie Eyeland	Italiano	L1
post12766175	0.7	Connie Eyeland	Italiano	L1
post12760895	0.54	Connie Eyeland	Italiano	L1
post12763380	0.665	Connie Eyeland	Italiano	L1
post12766308	0.705	Connie Eyeland	Italiano	L1
post12725127	0.6	Necsus	Italian (Italy)	L1
post9389742	0.685	giovannino	Italian, Neapolitan	L1
post12707357	0.69	Youngfun	Wu Chinese & Italian	L1
post3667190	0.655	Necsus	Italian (Italy)	L1
post9136936	0.555	ursu-lab	italian, catalan & spanish	L1
post12687468	0.49	Anja.Ann	Italian	L1
post12684944	0.745	Anja.Ann	Italian	L1
post12480334	0.665	francisgranada	Hungarian	L2
post12481154	0.615	Sempervirens	italiano	L1
post12670024	0.605	Giorgio Spizzi	Italian	L1
post12666574	0.615	Giorgio Spizzi	Italian	L1
post12660702	0.675	Giorgio Spizzi	Italian	L1
post12655329	0.705	Giorgio Spizzi	Italian	L1
post11428538	0.635	Explorer41	Russian	L2
post11433659	0.745	ursu-lab	italian, catalan & spanish	L1
post11437560	0.725	ursu-lab	italian, catalan & spanish	L1
post11439602	0.65	Meruzio	Italiano	L1
post11441444	0.725	francisgranada	Hungarian	L2
post12645883	0.645	violapais	italian	L1
post12635932	0.76	Sempervirens	italiano	L1
post12642227	0.65	ItalianWriting	English, Italian	L1
post12615234	0.595	Giorgio Spizzi	Italian	L1
post12619372	0.575	potolina	italian	L1
post12622519	0.68	Giorgio Spizzi	Italian	L1
post12607167	0.625	annadifrancia	Italian, Slovenscina	L1
post12583148	0.695	laling	italiana	L1
post12573248	0.655	Don1	Italian	L1
post12558690	0.75	francisgranada	Hungarian	L2
post12559663	0.54	Giorgio Spizzi	Italian	L1
post12538624	0.74	Giorgio Spizzi	Italian	L1
post12532303	0.675	francisgranada	Hungarian	L2
post11643173	0.6	panzona	Italian	L1
post12529330	0.725	Anaiss	Italiano - Veneto	L1
post12523479	0.575	Sempervirens	italiano	L1
post12333333	0.67	Gommik	Italiano- Italia	L1
post12336887	0.72	Gommik	Italiano- Italia	L1
post935647	0.715	Broca's Area	Italian / Italy	L1
post12495665	0.665	Necsus	Italian (Italy)	L1
post12497016	0.65	Necsus	Italian (Italy)	L1
post12498342	0.735	Necsus	Italian (Italy)	L1
post12491586	0.645	Don1	Italian	L1
post12486150	0.73	Necsus	Italian (Italy)	L1
post12487611	0.675	Don1	Italian	L1
post3311429	0.69	Necsus	Italian (Italy)	L1
post12230883	0.475	elenasusu	chinese	L2
post12235910	0.615	Giorgio Spizzi	Italian	L1
post12271194	0.69	Sempervirens	italiano	L1
post12273523	0.75	Sempervirens	italiano	L1
post12276150	0.685	Walt Whitman	Italian - Italy	L1
post12467139	0.68	Anja.Ann	Italian	L1
post12448409	0.795	longplay	italian	L1
post12454483	0.745	longplay	italian	L1
post12448994	0.665	Gommik	Italiano- Italia	L1
post2932937	0.66	Katiolina	Italy	L1
post12445748	0.665	Pahadimas	Italiano	L1
post12438748	0.635	Giorgio Spizzi	Italian	L1
post12432832	0.66	King Crimson	Italiano	L1
post12421620	0.665	Gommik	Italiano- Italia	L1
post12412367	0.705	Necsus	Italian (Italy)	L1
post12203625	0.685	violadaprile	italian	L1
post12405877	0.74	Sempervirens	italiano	L1
post5491952	0.765	SunDraw	Veneto (Italia)	L1
post12389143	0.655	Necsus	Italian (Italy)	L1
post854441	0.695	Necsus	Italian (Italy)	L1
post12363717	0.685	Sempervirens	italiano	L1
post12354252	0.715	Sempervirens	italiano	L1
post12142919	0.615	violadaprile	italian	L1
post12153588	0.74	violadaprile	italian	L1
post6398886	0.685	pask46	Italy-italian	L1
post12060702	0.65	violadaprile	italian	L1
post12061776	0.65	Giorgio Spizzi	Italian	L1
post12290104	0.685	Sempervirens	italiano	L1
post12326503	0.8	francisgranada	Hungarian	L2
post12302937	0.695	francisgranada	Hungarian	L2
post12303391	0.77	Sempervirens	italiano	L1
post12264393	0.655	Anja.Ann	Italian	L1
post12266992	0.585	Anja.Ann	Italian	L1
post12285519	0.73	Ilevyas	Italian	L1
post12261001	0.54	Mute	Italian	L1
post12196357	0.805	Giorgio Spizzi	Italian	L1
post12222821	0.74	violadaprile	italian	L1
post12233702	0.67	adicharlas	italian	L1
post12238889	0.675	violadaprile	italian	L1
post12239981	0.74	Anja.Ann	Italian	L1
post12227288	0.695	violadaprile	italian	L1
post12227439	0.685	pollonia	Italiano	L1
post12223179	0.565	violadaprile	italian	L1
post12217652	0.575	violadaprile	italian	L1
post12215016	0.665	violadaprile	italian	L1
post12214232	0.685	violadaprile	italian	L1
post12216117	0.71	violadaprile	italian	L1
post12215550	0.695	Anja.Ann	Italian	L1
post11462000	0.62	Blackman	Italiano/Sardo	L1
post11473294	0.71	Blackman	Italiano/Sardo	L1
post12210751	0.75	violadaprile	italian	L1
post12199656	0.725	violadaprile	italian	L1
post12133451	0.32	Giorgio Spizzi	Italian	L1
post12172115	0.645	violadaprile	italian	L1
post12187443	0.67	Giorgio Spizzi	Italian	L1
post12164748	0.705	violadaprile	italian	L1
post12171544	0.71	Fairy Krystal	Italian	L1
post12172037	0.705	violadaprile	italian	L1
post12173097	0.725	Fairy Krystal	Italian	L1
post12172483	0.64	Giorgio Spizzi	Italian	L1
post12167195	0.66	lapislazuli274	Italian	L1
post12157683	0.695	violadaprile	italian	L1
post12125533	0.725	violadaprile	italian	L1
post12151026	0.68	violadaprile	italian	L1
post12118167	0.72	violadaprile	italian	L1
post1547385	0.71	Necsus	Italian (Italy)	L1
post12142129	0.715	violadaprile	italian	L1
post12140449	0.74	violadaprile	italian	L1
post12125682	0.58	violadaprile	italian	L1
post12113244	0.665	violadaprile	italian	L1
post6568571	0.56	francescazzurra	Italian	L1
post8414998	0.585	pebblespebbles	italiano	L1
post12105018	0.65	Giorgio Spizzi	Italian	L1
post12113094	0.66	violadaprile	italian	L1
post12110270	0.72	violadaprile	italian	L1
post12110208	0.695	violadaprile	italian	L1
post12102939	0.655	violadaprile	italian	L1
post12098111	0.575	violadaprile	italian	L1
post12101074	0.64	violadaprile	italian	L1
post12101330	0.595	violadaprile	italian	L1
post3932138	0.765	cavillous	Italian	L1
post12095355	0.72	violadaprile	italian	L1
post12083012	0.54	violadaprile	italian	L1
post12066914	0.665	Youngfun	Wu Chinese & Italian	L1
post12073076	0.615	violadaprile	italian	L1
post12074233	0.695	violadaprile	italian	L1
post5555203	0.755	SunDraw	Veneto (Italia)	L1
post12050783	0.64	violadaprile	italian	L1
post12050922	0.64	Youngfun	Wu Chinese & Italian	L1
post12052886	0.6	Youngfun	Wu Chinese & Italian	L1
post12050284	0.725	Anja.Ann	Italian	L1
post12049058	0.635	violadaprile	italian	L1
post12052711	0.66	Blackman	Italiano/Sardo	L1
post12001933	0.63	violadaprile	italian	L1
post12036251	0.515	Anja.Ann	Italian	L1
post12030326	0.685	violadaprile	italian	L1
post12034007	0.595	violadaprile	italian	L1
post12028259	0.61	francisgranada	Hungarian	L2
post12022977	0.72	violadaprile	italian	L1
post12023408	0.61	violadaprile	italian	L1
post4280581	0.665	Stiannu	Italy, Italian	L1
post12017609	0.705	francisgranada	Hungarian	L2
post12005371	0.7	violadaprile	italian	L1
post11993625	0.615	violadaprile	italian	L1
post11989186	0.67	francisgranada	Hungarian	L2
post11990804	0.71	violadaprile	italian	L1
post11990988	0.73	violadaprile	italian	L1
post11992430	0.66	Giorgio Spizzi	Italian	L1
post11989403	0.68	violadaprile	italian	L1
post11965508	0.735	violadaprile	italian	L1
post11974940	0.71	Cosimo Piovasco	Italiano, Italia	L1
post11982495	0.745	violadaprile	italian	L1
post11975742	0.72	Anja.Ann	Italian	L1
post11974607	0.645	Youngfun	Wu Chinese & Italian	L1
post11943852	0.72	violadaprile	italian	L1
post11954163	0.65	Youngfun	Wu Chinese & Italian	L1
post11961529	0.59	violadaprile	italian	L1
post11973983	0.675	violadaprile	italian	L1
post10869081	0.635	Necsus	Italian (Italy)	L1
post10884815	0.71	Necsus	Italian (Italy)	L1
post11951924	0.685	violadaprile	italian	L1
post11906144	0.69	violadaprile	italian	L1
post11918403	0.71	Youngfun	Wu Chinese & Italian	L1
post11918532	0.685	Youngfun	Wu Chinese & Italian	L1
post11940322	0.715	Youngfun	Wu Chinese & Italian	L1
post11944784	0.685	Youngfun	Wu Chinese & Italian	L1
post11941515	0.705	Youngfun	Wu Chinese & Italian	L1
post11930364	0.685	Giorgio Spizzi	Italian	L1
post11918305	0.695	Cosimo Piovasco	Italiano, Italia	L1
post11919255	0.71	violadaprile	italian	L1
post11916973	0.75	violadaprile	italian	L1
post11877497	0.68	eximius	Italiano	L1
post11884128	0.765	luway	Italian	L1
post11880573	0.7	Elxenc	català/valencià	L2
post11871710	0.665	Anja.Ann	Italian	L1
post11854593	0.72	francisgranada	Hungarian	L2
post8300608	0.7	zipp404	Bilingual English|Español	L2
post11182407	0.715	francisgranada	Hungarian	L2
post11199931	0.7	Cosimo Piovasco	Italiano, Italia	L1
post11807114	0.685	Maddy_PL	polish	L2
post11807641	0.68	fabinn	Italiano	L1
post11807917	0.67	Maddy_PL	polish	L2
post11819178	0.645	Maddy_PL	polish	L2
post11819377	0.605	stella_maris_74	Italian - Italy	L1
post11821937	0.74	Maddy_PL	polish	L2
post11822050	0.705	fabinn	Italiano	L1
post11822462	0.695	pizzi	Italian, Italy	L1
post11831944	0.545	Giorgio Spizzi	Italian	L1
post11806662	0.71	luway	Italian	L1
post11737342	0.665	(Lucia	Italiano	L1
post11805178	0.51	otherwise	Italiano - Italia	L1
post11746034	0.625	Giorgio Spizzi	Italian	L1
post11749694	0.59	Explorer41	Russian	L2
post11742067	0.67	Anja.Ann	Italian	L1
post11311445	0.68	Il Reine	Neuhochdeutsch	L2
post11733372	0.71	Anja.Ann	Italian	L1
post3445180	0.785	SunDraw	Veneto (Italia)	L1
post11726477	0.63	fabinn	Italiano	L1
post11724934	0.79	italianiiissima	English - Greek	L2
post11707497	0.69	koosky60	Italiano	L1
post6189130	0.71	pask46	Italy-italian	L1
post11701390	0.65	Alxmrphi	UK English	L2
post11685449	0.72	Kjka	Italian	L1
post11460788	0.72	otherwise	Italiano - Italia	L1
post1955734	0.545	daniele712	Italia	L1
post1966912	0.6	daniele712	Italia	L1
post2008345	0.62	sabrinita85	Italian	L1
post8453006	0.635	sandypas76	Italy - Italian	L1
post8459583	0.74	sandypas76	Italy - Italian	L1
post3225432	0.655	xeneize	Italian	L1
post7288119	0.655	federicoft	Italian	L1
post8904141	0.66	mario realini	ITALIANO	L1
post8908999	0.695	annapo	Italian	L1
post8916632	0.76	mario realini	ITALIANO	L1
post8918626	0.73	silver frog	Italiano	L1
post8923069	0.625	silver frog	Italiano	L1
post8927158	0.655	mario realini	ITALIANO	L1
post8978011	0.72	mario realini	ITALIANO	L1
post9446999	0.735	silver frog	Italiano	L1
post11458161	0.64	Alessandro_Persia	Italian	L1
post11648275	0.73	Ms. Babel	Italian	L1
post6517324	0.7	federicoft	Italian	L1
post11633748	0.685	luway	Italian	L1
post11629383	0.655	Maioneselover	Italiano - Italia	L1
post11633801	0.64	luway	Italian	L1
post11610157	0.635	Maioneselover	Italiano - Italia	L1
post11577138	0.65	luway	Italian	L1
post11538407	0.68	adicharlas	italian	L1
post11522428	0.645	francisgranada	Hungarian	L2
post11486740	0.705	Cosimo Piovasco	Italiano, Italia	L1
post11497024	0.575	Mia Bianchi	Italiano	L1
post11500299	0.675	Mia Bianchi	Italiano	L1
post11486778	0.605	Cosimo Piovasco	Italiano, Italia	L1
post11486862	0.78	vallery	Russian	L2
post11444852	0.76	Cosimo Piovasco	Italiano, Italia	L1
post11452022	0.63	redfire84	Italiano	L1
post11439762	0.67	Lucaa4229	English	L2
post11410457	0.71	Marsario	Italia, italiano	L1
post11443310	0.755	richard keatley	English	L2
post11411924	0.705	Fra11	Italiano	L1
post11413376	0.705	Cosimo Piovasco	Italiano, Italia	L1
post11390424	0.56	Fra11	Italiano	L1
post11399826	0.595	ABI_666	italiano	L1
post11402595	0.625	Fra11	Italiano	L1
post11392303	0.635	briandeparma	Italiano	L1
post11384017	0.665	Fra11	Italiano	L1
post11373640	0.685	sarusaru	Japanese	L2
post11354089	0.71	Necsus	Italian (Italy)	L1
post11320883	0.625	oirelav	italian	L1
post11318463	0.73	Necsus	Italian (Italy)	L1
post11319687	0.68	oirelav	italian	L1
post10711665	0.65	francisgranada	Hungarian	L2
post9414342	0.655	Giorgino	Italian	L1
post9459559	0.71	Giorgio Spizzi	Italian	L1
post11302247	0.67	armour65	United States English	L2
post11040309	0.685	Voce	Italiano	L1
post6527608	0.51	Hermocrates	Italian & British English (bilingual)	L1
post6529797	0.59	Hermocrates	Italian & British English (bilingual)	L1
post6439632	0.54	Hermocrates	Italian & British English (bilingual)	L1
post11115520	0.735	Necsus	Italian (Italy)	L1
post11120285	0.715	Giorgino	Italian	L1
post11237061	0.805	Ruminante	Italian	L1
post7065778	0.69	Necsus	Italian (Italy)	L1
post11174191	0.73	singoloindividuo	italiano	L1
post11177482	0.71	singoloindividuo	italiano	L1
post11177822	0.79	singoloindividuo	italiano	L1
post11178029	0.67	singoloindividuo	italiano	L1
post11180167	0.745	Giorgino	Italian	L1
post11180936	0.715	singoloindividuo	italiano	L1
post4192976	0.715	Montesacro	Italiano	L1
post11172305	0.305	redfire84	Italiano	L1
post11151148	0.685	Geviert	Spanisch	L2
post11125600	0.62	Cosimo Piovasco	Italiano, Italia	L1
post11136802	0.635	francisgranada	Hungarian	L2
post11136890	0.695	olaszinho	Central Italian	L1
post11141637	0.615	Alxmrphi	UK English	L2
post11115711	0.61	ursu-lab	italian, catalan & spanish	L1
post5671582	0.73	neutrino2	Italy-Italian	L1
post5671974	0.7	Necsus	Italian (Italy)	L1
post5672381	0.68	Paulfromitaly	Italian	L1
post5676913	0.71	Necsus	Italian (Italy)	L1
post11113716	0.68	Giorgino	Italian	L1
post11118064	0.705	Giorgino	Italian	L1
post11123473	0.74	Giorgino	Italian	L1
post11064626	0.675	Cosimo Piovasco	Italiano, Italia	L1
post11064917	0.645	Cosimo Piovasco	Italiano, Italia	L1
post11079326	0.785	Aithria	Italian; IT	L1
post11080605	0.645	francisgranada	Hungarian	L2
post11069025	0.665	Cosimo Piovasco	Italiano, Italia	L1
post11053781	0.705	Aithria	Italian; IT	L1
post11064958	0.695	Aithria	Italian; IT	L1
post11071966	0.615	Cosimo Piovasco	Italiano, Italia	L1
post9053253	0.59	ursu-lab	italian, catalan & spanish	L1
post10964368	0.63	zipp404	Bilingual English|Español	L2
post9619979	0.715	Ruminante	Italian	L1
post9653037	0.65	Ruminante	Italian	L1
post10971790	0.64	Giorgino	Italian	L1
post10971853	0.56	ursu-lab	italian, catalan & spanish	L1
post10974560	0.64	Giorgino	Italian	L1
post10872716	0.585	Giorgino	Italian	L1
post10877384	0.54	francisgranada	Hungarian	L2
post10960543	0.7	Giorgino	Italian	L1
post10971736	0.65	Giorgino	Italian	L1
post10964477	0.545	sarusaru	Japanese	L2
post10960978	0.58	Irina=)	russian	L2
post10904618	0.665	simenon	italien	L1
post10950611	0.7	francisgranada	Hungarian	L2
post10931993	0.7	sarusaru	Japanese	L2
post8183689	0.635	ursu-lab	italian, catalan & spanish	L1
post10849612	0.77	richard441	English - Britain	L2
post1153105	0.705	Saoul	Italian	L1
post1192003	0.67	angelabonora	Italia - italiano	L1
post4925020	0.74	L'equilibrista	Italian	L1
post4937379	0.66	Einstein	UK, English	L2
post4938572	0.685	whitesun	Italian - Italy	L1
post4991876	0.66	MünchnerFax	Italian, Italy	L1
post5001039	0.67	Montesacro	Italiano	L1
post5001187	0.72	Einstein	UK, English	L2
post6499144	0.73	saltapicchio	Italia (Roma) - Italiano	L1
post6500214	0.695	rubuk	Italiano	L1
post6524399	0.735	rubuk	Italiano	L1
post9560754	0.675	albiigoo	italian	L1
post9636597	0.73	_Jack Di Cuori_	Italian	L1
post9638593	0.695	olaszinho	Central Italian	L1
post9639745	0.76	Linnets	italiano	L1
post9639819	0.765	One1	Italiano	L1
post10817253	0.585	Passante	italian	L1
post10782987	0.645	simenon	italien	L1
post10783344	0.66	simenon	italien	L1
post10788229	0.605	ursu-lab	italian, catalan & spanish	L1
post10759374	0.61	zipp404	Bilingual English|Español	L2
post10771148	0.36	topazja	italiano - italia	L1
post10732863	0.705	Yulan	Italian	L1
post10752459	0.715	panzona	Italian	L1
post10755861	0.595	ursu-lab	italian, catalan & spanish	L1
post10766355	0.63	francisgranada	Hungarian	L2
post10751179	0.705	Necsus	Italian (Italy)	L1
post10752124	0.65	Giorgino	Italian	L1
post10752213	0.615	ursu-lab	italian, catalan & spanish	L1
post10755222	0.6	Giorgino	Italian	L1
post10707998	0.66	Necsus	Italian (Italy)	L1
post10689237	0.615	Giorgino	Italian	L1
post2544497	0.755	SunDraw	Veneto (Italia)	L1
post10683719	0.625	piccolacoco	Italian	L1
post10686538	0.715	italo_da_b	Italian	L1
post10650957	0.645	Necsus	Italian (Italy)	L1
post10637004	0.685	Lucy Van Pelt	Italian	L1
post10608859	0.615	zipp404	Bilingual English|Español	L2
post10594127	0.69	ursu-lab	italian, catalan & spanish	L1
post10594460	0.69	zipp404	Bilingual English|Español	L2
post10596420	0.76	ursu-lab	italian, catalan & spanish	L1
post8574151	0.69	zipp404	Bilingual English|Español	L2
post10563819	0.58	Youngfun	Wu Chinese & Italian	L1
post8519634	0.63	ursu-lab	italian, catalan & spanish	L1
post10531034	0.71	ursu-lab	italian, catalan & spanish	L1
post10526521	0.6	Geviert	Spanisch	L2
post9218124	0.65	Passante	italian	L1
post10489566	0.755	Erasmus	Italy - Italian	L1
post10509452	0.565	Erasmus	Italy - Italian	L1
post10489496	0.66	francisgranada	Hungarian	L2
post10469011	0.655	Montesacro	Italiano	L1
post10456477	0.61	brigittaepaperone	Italiano	L1
post10425604	0.62	Necsus	Italian (Italy)	L1
post10364057	0.66	Roberto Acquari	polacco	L2
post10306978	0.53	zipp404	Bilingual English|Español	L2
post10275847	0.69	Necsus	Italian (Italy)	L1
post10260119	0.525	Passante	italian	L1
post10260679	0.75	Necsus	Italian (Italy)	L1
post6706429	0.665	Necsus	Italian (Italy)	L1
post6714423	0.77	nestore	Italian	L1
post6715170	0.71	Necsus	Italian (Italy)	L1
post8141583	0.685	Reggitano	italiano	L1
post8145163	0.68	sergio_p	italian	L1
post10194440	0.72	MRossi	Ostrogoto	L2
post10200010	0.705	MRossi	Ostrogoto	L2
post10206831	0.74	MRossi	Ostrogoto	L2
post10210810	0.71	MRossi	Ostrogoto	L2
post10211189	0.655	MRossi	Ostrogoto	L2
post10170301	0.74	Giorgio Spizzi	Italian	L1
post10174295	0.705	pellegrino12	magyar - Magyarország/ Hungarian-Hungar	L2
post10176961	0.65	Giorgio Spizzi	Italian	L1
post10201910	0.675	stefano1488	Italiano	L1
post9366738	0.72	Urano III	---	L2
post10194461	0.625	spulp	Italian	L1
post10177617	0.635	infinite sadness	italiano	L1
post10120704	0.65	ursu-lab	italian, catalan & spanish	L1
post10157394	0.675	Gianfry	Italian	L1
post7332477	0.675	Necsus	Italian (Italy)	L1
post10126653	0.73	ursu-lab	italian, catalan & spanish	L1
post10153915	0.71	zipp404	Bilingual English|Español	L2
post10122174	0.75	Espero Antos	Italian	L1
post7409805	0.695	facciadipietra	Italian (northern, southern and central background)	L1
post8864528	0.565	dirtyblackaxe	Italian - Italy	L1
post10097052	0.635	zipp404	Bilingual English|Español	L2
post10097456	0.655	Iraiem	italian	L1
post10085205	0.685	panzona	Italian	L1
post10061110	0.69	olaszinho	Central Italian	L1
post10083304	0.65	Alxmrphi	UK English	L2
post10046739	0.62	zipp404	Bilingual English|Español	L2
post5781631	0.685	saltapicchio	Italia (Roma) - Italiano	L1
post10069126	0.695	LemonEvo	italiano	L1
post10060199	0.72	elena73	Italian	L1
post10060169	0.615	zipp404	Bilingual English|Español	L2
post10031481	0.535	stace	chinese	L2
post1289162	0.56	BlueWolf	Italian	L1
post10054287	0.69	ursu-lab	italian, catalan & spanish	L1
post7835775	0.625	Astropolyp	Italian - Tuscany	L1
post10008319	0.73	Necsus	Italian (Italy)	L1
post10007451	0.67	annapo	Italian	L1
post9975752	0.645	olaszinho	Central Italian	L1
post9979604	0.6	Necsus	Italian (Italy)	L1
post9962383	0.69	Yulan	Italian	L1
post7805637	0.71	Lorena1970	Italy, Italiano	L1
post7805770	0.575	simenon	italien	L1
post7806178	0.595	simenon	italien	L1
post7807983	0.71	Lorena1970	Italy, Italiano	L1
post7810478	0.575	stella_maris_74	Italian - Italy	L1
post9913829	0.66	zipp404	Bilingual English|Español	L2
post9872155	0.73	Alex1969	Italian	L1
post9872227	0.64	Alex1969	Italian	L1
post9872661	0.535	Iraiem	italian	L1
post9915488	0.655	pinnaigor	italiano	L1
post9909910	0.73	matoupaschat	Français (Belgique)	L2
post9880650	0.655	ursu-lab	italian, catalan & spanish	L1
post9881437	0.65	ursu-lab	italian, catalan & spanish	L1
post9891064	0.685	francisgranada	Hungarian	L2
post9836097	0.71	In flumine nata	Italiano	L1
post9839153	0.65	In flumine nata	Italiano	L1
post9841489	0.705	In flumine nata	Italiano	L1
post9841690	0.745	In flumine nata	Italiano	L1
post9844893	0.715	francisgranada	Hungarian	L2
post9824214	0.78	Montesacro	Italiano	L1
post9833955	0.615	ursu-lab	italian, catalan & spanish	L1
post9805581	0.695	vale_new	Italian - Italy	L1
post9806074	0.645	ursu-lab	italian, catalan & spanish	L1
post9806226	0.665	vale_new	Italian - Italy	L1
post9808166	0.69	vale_new	Italian - Italy	L1
post9809270	0.675	ursu-lab	italian, catalan & spanish	L1
post9812935	0.705	Paulfromitaly	Italian	L1
post9813002	0.645	ursu-lab	italian, catalan & spanish	L1
post9818331	0.605	vale_new	Italian - Italy	L1
post9819360	0.675	ursu-lab	italian, catalan & spanish	L1
post9813441	0.695	alebg2	Italiano	L1
post9819024	0.675	ursu-lab	italian, catalan & spanish	L1
post2727179	0.715	bubu7	Italiano	L1
post9804338	0.635	francisgranada	Hungarian	L2
post9806164	0.55	francisgranada	Hungarian	L2
post9797812	0.665	ursu-lab	italian, catalan & spanish	L1
post9798448	0.68	Alxmrphi	UK English	L2
post4323627	0.695	la italianilla	Italia	L1
post9777808	0.685	ursu-lab	italian, catalan & spanish	L1
post9773611	0.72	marco.cur	Italian	L1
post9745555	0.735	ursu-lab	italian, catalan & spanish	L1
post9739293	0.71	zipp404	Bilingual English|Español	L2
post9674927	0.635	NovaBlade	Italian	L1
post9720116	0.49	Giorgino	Italian	L1
post9720822	0.61	Giorgino	Italian	L1
post9709097	0.61	Elianor	Italia - italiano	L1
post9719109	0.705	koosky60	Italiano	L1
post9686831	0.485	ursu-lab	italian, catalan & spanish	L1
post9691576	0.535	ursu-lab	italian, catalan & spanish	L1
post9691686	0.63	ursu-lab	italian, catalan & spanish	L1
post9717762	0.605	panzona	Italian	L1
post9656248	0.715	Einstein	UK, English	L2
post9710384	0.605	ursu-lab	italian, catalan & spanish	L1
post9709313	0.665	zipp404	Bilingual English|Español	L2
post9708293	0.64	Ruminante	Italian	L1
post9701347	0.755	ermannoitaly	Italy Italian	L1
post9695365	0.65	ermannoitaly	Italy Italian	L1
post9691302	0.69	ermannoitaly	Italy Italian	L1
post6435410	0.71	Hermocrates	Italian & British English (bilingual)	L1
post6437481	0.68	Hermocrates	Italian & British English (bilingual)	L1
post8266087	0.66	ursu-lab	italian, catalan & spanish	L1
post8344829	0.73	ursu-lab	italian, catalan & spanish	L1
post9658966	0.675	federicoft	Italian	L1
post9643221	0.37	zipp404	Bilingual English|Español	L2
post9603384	0.6	Iperione	Italian	L1
post9605792	0.66	Ruminante	Italian	L1
post2182438	0.695	BlueWolf	Italian	L1
post2183017	0.74	BlueWolf	Italian	L1
post2184221	0.745	angelabonora	Italia - italiano	L1
post2191650	0.705	DDT	Italy - Italian	L1
post2191736	0.71	vikgigio	Italian, Italy	L1
post2319382	0.72	BlueWolf	Italian	L1
post2330904	0.685	BlueWolf	Italian	L1
post2334172	0.745	BlueWolf	Italian	L1
post7527202	0.75	Controinfo	Italian	L1
post9603247	0.775	ursu-lab	italian, catalan & spanish	L1
post9604160	0.72	ursu-lab	italian, catalan & spanish	L1
post9604740	0.67	francisgranada	Hungarian	L2
post9598167	0.335	zipp404	Bilingual English|Español	L2
post9589044	0.675	ursu-lab	italian, catalan & spanish	L1
post9580490	0.72	catrafuse	Italiano e Friulano	L1
post8801244	0.385	zipp404	Bilingual English|Español	L2
post9528052	0.675	ursu-lab	italian, catalan & spanish	L1
post4732049	0.665	rocamadour	Italian	L1
post9443522	0.615	ursu-lab	italian, catalan & spanish	L1
post9448259	0.675	Ruminante	Italian	L1
post9444826	0.59	zipp404	Bilingual English|Español	L2
post9447968	0.68	francisgranada	Hungarian	L2
post9375908	0.57	Lallon	Italiano - Italia	L1
post9403914	0.73	Necsus	Italian (Italy)	L1
post9401604	0.62	zipp404	Bilingual English|Español	L2
post9403645	0.56	Urano III	---	L2
post9405053	0.615	zipp404	Bilingual English|Español	L2
post9390410	0.51	rainbowizard	Italian - Italy	L1
post9387556	0.67	zipp404	Bilingual English|Español	L2
post9380959	0.715	panzona	Italian	L1
post9381071	0.66	vegan35	italiano	L1
post9382888	0.64	ursu-lab	italian, catalan & spanish	L1
post9383732	0.72	Necsus	Italian (Italy)	L1
post9384212	0.69	zipp404	Bilingual English|Español	L2
post9366628	0.645	Urano III	---	L2
post9297485	0.75	Necsus	Italian (Italy)	L1
post9345357	0.715	zipp404	Bilingual English|Español	L2
post9320421	0.63	zipp404	Bilingual English|Español	L2
post9321195	0.6	Giorgino	Italian	L1
post9321236	0.655	Giorgino	Italian	L1
post3516767	0.58	nicaldo	german-english bilingual	L2
post9247757	0.565	Oblomovita	Italian	L1
post9303126	0.6	Oblomovita	Italian	L1
post9287785	0.685	zipp404	Bilingual English|Español	L2
post9278711	0.6	nbu	italiano	L1
post9277244	0.665	marco.cur	Italian	L1
post9224266	0.58	facciadipietra	Italian (northern, southern and central background)	L1
post945412	0.63	Necsus	Italian (Italy)	L1
post947730	0.615	Necsus	Italian (Italy)	L1
post948512	0.655	Cnaeius	Italian, Italy	L1
post5012447	0.68	giovannino	Italian, Neapolitan	L1
post9213433	0.71	Giorgio Spizzi	Italian	L1
post9205901	0.65	panzona	Italian	L1
post9207149	0.51	zipp404	Bilingual English|Español	L2
post9189801	0.695	Oblomovita	Italian	L1
post9189147	0.75	ALEX1981X	Italian	L1
post9192276	0.69	ALEX1981X	Italian	L1
post9174316	0.595	Passante	italian	L1
post2119831	0.715	vikgigio	Italian, Italy	L1
post9161046	0.63	zipp404	Bilingual English|Español	L2
post8545674	0.705	silver frog	Italiano	L1
post9136636	0.47	spero_lucem	Poland / Polish	L2
post9143730	0.63	ALEX1981X	Italian	L1
post9141534	0.655	Riko	Italian	L1
post9119018	0.57	ALEX1981X	Italian	L1
post9130660	0.6	ElFrikiChino	Italian (Mantova)	L1
post9132163	0.645	ALEX1981X	Italian	L1
post9138100	0.72	Necsus	Italian (Italy)	L1
post8908242	0.65	pantarhei	Italiano	L1
post9110565	0.645	ursu-lab	italian, catalan & spanish	L1
post9116616	0.725	ursu-lab	italian, catalan & spanish	L1
post9117631	0.71	laurentius87	Italian	L1
post9133570	0.685	o-nami	Italian	L1
post9105689	0.625	annapo	Italian	L1
post9099113	0.53	ursu-lab	italian, catalan & spanish	L1
post9099810	0.51	ursu-lab	italian, catalan & spanish	L1
post5120613	0.715	Eratostene L'Alchimista	Italia, Italiano	L1
post8993979	0.66	Blechi	French	L2
post5071079	0.685	SunDraw	Veneto (Italia)	L1
post8963525	0.69	zipp404	Bilingual English|Español	L2
post8965807	0.64	sarusaru	Japanese	L2
post8952168	0.715	ursu-lab	italian, catalan & spanish	L1
post8947196	0.69	zipp404	Bilingual English|Español	L2
post8951997	0.675	Juhana	Finnish	L2
post1594508	0.795	BlueWolf	Italian	L1
post1594707	0.645	BlueWolf	Italian	L1
post1594794	0.61	sabrinita85	Italian	L1
post1596678	0.63	Gio77	Italian - Italy	L1
post1602350	0.62	Ignorante	Italy	L1
post1602721	0.705	BlueWolf	Italian	L1
post8082622	0.66	zipp404	Bilingual English|Español	L2
post8877106	0.64	pipka	russian	L2
post8877131	0.645	laurentius87	Italian	L1
post8763559	0.725	andersxman	Denmark/danish	L2
post8811069	0.71	lautaro	Español chileno, Italiano del nord	L1
post8804834	0.655	zipp404	Bilingual English|Español	L2
post8755397	0.44	zipp404	Bilingual English|Español	L2
post8757113	0.62	zipp404	Bilingual English|Español	L2
post8751281	0.68	Huginn	Italian	L1
post8722012	0.625	matoupaschat	Français (Belgique)	L2
post8722147	0.67	zipp404	Bilingual English|Español	L2
post8706915	0.675	gc200000	Italiano	L1
post8668347	0.68	zipp404	Bilingual English|Español	L2
post8639154	0.64	vallery	Russian	L2
post8589167	0.54	Mat1	Italian	L1
post8565192	0.635	Huginn	Italian	L1
post8561451	0.535	zipp404	Bilingual English|Español	L2
post8565341	0.63	Aegidius	Italian	L1
post6834209	0.7	panzona	Italian	L1
post8497662	0.7	Learner54	Arabic Lebanon	L2
post8515420	0.69	Kraus	Italian, Italy	L1
post8499563	0.555	ElFrikiChino	Italian (Mantova)	L1
post8475241	0.59	ursu-lab	italian, catalan & spanish	L1
post8425490	0.53	bo-marco	Italiano Italia - Emiliano Mirandola	L1
post8425656	0.71	annapo	Italian	L1
post8403349	0.705	annapo	Italian	L1
post8405503	0.495	annapo	Italian	L1
post8389515	0.585	zipp404	Bilingual English|Español	L2
post8389017	0.565	zipp404	Bilingual English|Español	L2
post8388262	0.6	Alxmrphi	UK English	L2
post8383857	0.66	vallery	Russian	L2
post8361186	0.66	zipp404	Bilingual English|Español	L2
post8358468	0.71	simenon	italien	L1
post8318746	0.66	ursu-lab	italian, catalan & spanish	L1
post5986878	0.715	Frenko	Italy, Italian	L1
post8319562	0.725	Silvietta00	Italian	L1
post8336712	0.68	marco.cur	Italian	L1
post8301507	0.705	annapo	Italian	L1
post8301371	0.72	facciadipietra	Italian (northern, southern and central background)	L1
post8290074	0.75	ursu-lab	italian, catalan & spanish	L1
post8293081	0.705	ursu-lab	italian, catalan & spanish	L1
post8296333	0.745	bo-marco	Italiano Italia - Emiliano Mirandola	L1
post8296452	0.74	bo-marco	Italiano Italia - Emiliano Mirandola	L1
post8291574	0.655	zipp404	Bilingual English|Español	L2
post8292128	0.62	ursu-lab	italian, catalan & spanish	L1
post8286285	0.725	annapo	Italian	L1
post8281131	0.6	ursu-lab	italian, catalan & spanish	L1
post8283938	0.58	ursu-lab	italian, catalan & spanish	L1
post8284761	0.705	ursu-lab	italian, catalan & spanish	L1
post8278661	0.46	Alxmrphi	UK English	L2
post8256922	0.62	zipp404	Bilingual English|Español	L2
post8258854	0.715	zipp404	Bilingual English|Español	L2
post8259938	0.725	annapo	Italian	L1
post8249622	0.65	zipp404	Bilingual English|Español	L2
post8249376	0.7	zipp404	Bilingual English|Español	L2
post8254203	0.5	zipp404	Bilingual English|Español	L2
post8200546	0.72	zipp404	Bilingual English|Español	L2
post8191009	0.7	ursu-lab	italian, catalan & spanish	L1
post8193002	0.6	ursu-lab	italian, catalan & spanish	L1
post8193938	0.72	ursu-lab	italian, catalan & spanish	L1
post8196434	0.7	ursu-lab	italian, catalan & spanish	L1
post8170961	0.68	facciadipietra	Italian (northern, southern and central background)	L1
post8165661	0.695	zipp404	Bilingual English|Español	L2
post8156238	0.585	panzona	Italian	L1
post7165059	0.585	facciadipietra	Italian (northern, southern and central background)	L1
post8136358	0.65	deserto	chinese	L2
post8107480	0.66	deserto	chinese	L2
post8081350	0.685	zipp404	Bilingual English|Español	L2
post8072476	0.745	panzona	Italian	L1
post8066585	0.695	Azazel81	Italy - Italian	L1
post8042190	0.635	Severn	Italian	L1
post8051944	0.66	zipp404	Bilingual English|Español	L2
post1241886	0.71	Necsus	Italian (Italy)	L1
post8000407	0.645	Necsus	Italian (Italy)	L1
post7996112	0.695	Vekkio	Italian	L1
post3648608	0.7	ItaloBrasiliano	Brasil (portugues)	L2
post7965662	0.665	panzona	Italian	L1
post7947368	0.71	zipp404	Bilingual English|Español	L2
post7963669	0.56	makkusu	Italian - Italy	L1
post7953738	0.68	sciroppodiglucosio	Italian	L1
post7954052	0.73	facciadipietra	Italian (northern, southern and central background)	L1
post7927458	0.7	zipp404	Bilingual English|Español	L2
post7917254	0.58	facciadipietra	Italian (northern, southern and central background)	L1
post1854917	0.43	daniele712	Italia	L1
post1862379	0.63	daniele712	Italia	L1
post7883350	0.645	facciadipietra	Italian (northern, southern and central background)	L1
post7852728	0.715	MOMO2	Italian	L1
post7842017	0.71	__Peterpan®	italian	L1
post7844495	0.755	__Peterpan®	italian	L1
post7846757	0.795	__Peterpan®	italian	L1
post7846126	0.62	evrix	italian	L1
post7830626	0.63	MünchnerFax	Italian, Italy	L1
post7768926	0.605	Lupen The Third	Italian	L1
post7768325	0.705	bo-marco	Italiano Italia - Emiliano Mirandola	L1
post7737738	0.645	Alxmrphi	UK English	L2
post7723142	0.67	facciadipietra	Italian (northern, southern and central background)	L1
post7705295	0.56	MünchnerFax	Italian, Italy	L1
post7703220	0.67	Astropolyp	Italian - Tuscany	L1
post7692347	0.73	federicoft	Italian	L1
post5582287	0.665	Earendil81	Italian	L1
post6254730	0.695	Hermocrates	Italian & British English (bilingual)	L1
post7593047	0.66	Geofilo	Italian	L1
post7587262	0.66	zipp404	Bilingual English|Español	L2
post1104017	0.65	moodywop	Italian - Italy	L1
post2076171	0.705	vikgigio	Italian, Italy	L1
post7529808	0.7	Paolo Yogurt	Italiano, veneto - veronese	L1
post7406720	0.655	Vekkio	Italian	L1
post7341582	0.725	Espero Antos	Italian	L1
post7356305	0.6	facciadipietra	Italian (northern, southern and central background)	L1
post7357058	0.655	Necsus	Italian (Italy)	L1
post7364679	0.6	facciadipietra	Italian (northern, southern and central background)	L1
post7377931	0.68	Espero Antos	Italian	L1
post7367833	0.755	facciadipietra	Italian (northern, southern and central background)	L1
post7342582	0.71	Necsus	Italian (Italy)	L1
post7347363	0.67	facciadipietra	Italian (northern, southern and central background)	L1
post7349738	0.65	facciadipietra	Italian (northern, southern and central background)	L1
post7301470	0.675	Damon89	Italian	L1
post6265068	0.6	Hermocrates	Italian & British English (bilingual)	L1
post400088	0.58	franx	Italy - Italian, US English	L1
post7114951	0.535	Mummy2	Italy Italian	L1
post7062320	0.675	MünchnerFax	Italian, Italy	L1
post2430035	0.71	niklavjus	Italiano (Italia)	L1
post6995347	0.725	Catword O_o'	Italian	L1
post6789583	0.69	Hermocrates	Italian & British English (bilingual)	L1
post6809865	0.635	Hermocrates	Italian & British English (bilingual)	L1
post6810590	0.64	Hermocrates	Italian & British English (bilingual)	L1
post6812477	0.65	Hermocrates	Italian & British English (bilingual)	L1
post6813235	0.64	Hermocrates	Italian & British English (bilingual)	L1
post6821603	0.74	Graf Zahl	(Nord-)Deutsch	L2
post6821722	0.645	Hermocrates	Italian & British English (bilingual)	L1
post5131365	0.615	giusyna	italian	L1
post6790367	0.725	Hermocrates	Italian & British English (bilingual)	L1
post6790718	0.73	Hermocrates	Italian & British English (bilingual)	L1
post6802072	0.665	Hermocrates	Italian & British English (bilingual)	L1
post6802905	0.69	Hermocrates	Italian & British English (bilingual)	L1
post6805000	0.68	Hermocrates	Italian & British English (bilingual)	L1
post6806240	0.79	winegrower	Greek	L2
post6843420	0.68	mickeybrz	italiano	L1
post6822139	0.57	Hermocrates	Italian & British English (bilingual)	L1
post2987254	0.655	xeneize	Italian	L1
post6791491	0.675	franz rod	Italiano	L1
post6730770	0.76	CAPITÁN CONTRERAS	spanish-Spain	L2
post6731551	0.695	Hermocrates	Italian & British English (bilingual)	L1
post6731280	0.59	GCMO	italian	L1
post6732906	0.625	franz rod	Italiano	L1
post6682316	0.7	Sparagnino	Italian	L1
post3121903	0.62	xeneize	Italian	L1
post6668793	0.695	Hermocrates	Italian & British English (bilingual)	L1
post6658429	0.62	Hakkar	Italian	L1
post6652792	0.635	Hermocrates	Italian & British English (bilingual)	L1
post2354368	0.675	MünchnerFax	Italian, Italy	L1
post6608083	0.555	geon79	Italian	L1
post6587871	0.6	Saoul	Italian	L1
post6587953	0.62	Saoul	Italian	L1
post6595556	0.55	damminson	Italian	L1
post6601953	0.7	Saoul	Italian	L1
post6275996	0.605	Hermocrates	Italian & British English (bilingual)	L1
post6276848	0.645	Hermocrates	Italian & British English (bilingual)	L1
post6414365	0.66	Hermocrates	Italian & British English (bilingual)	L1
post6423692	0.64	Ghaladh	Italian	L1
post6584019	0.665	Markushock	Russian - Italian (bilingual)	L1
post6426858	0.61	Hermocrates	Italian & British English (bilingual)	L1
post4757857	0.675	SunDraw	Veneto (Italia)	L1
post6452590	0.645	Diccian	Italiano, lombardia	L1
post6455417	0.62	london calling	UK ENGLISH	L2
post6456189	0.645	Hermocrates	Italian & British English (bilingual)	L1
post6501975	0.72	Hermocrates	Italian & British English (bilingual)	L1
post6528937	0.72	rubuk	Italiano	L1
post6443522	0.755	Necsus	Italian (Italy)	L1
post6443673	0.655	federicoft	Italian	L1
post6481578	0.69	EL GANCHO	Español de Aragón (España)	L2
post6483142	0.655	Hermocrates	Italian & British English (bilingual)	L1
post6475781	0.655	Hermocrates	Italian & British English (bilingual)	L1
post6476660	0.675	Hermocrates	Italian & British English (bilingual)	L1
post788467	0.755	winnie	italy, italian	L1
post788866	0.74	moodywop	Italian - Italy	L1
post6340169	0.68	Hermocrates	Italian & British English (bilingual)	L1
post6366991	0.805	marylian	italiano	L1
post6323878	0.64	Hermocrates	Italian & British English (bilingual)	L1
post1658128	0.725	daniele712	Italia	L1
post5431589	0.73	SunDraw	Veneto (Italia)	L1
post6323806	0.665	federicoft	Italian	L1
post6280494	0.66	Lariana	Italy - bilingual French/Italian	L1
post6280908	0.67	Hermocrates	Italian & British English (bilingual)	L1
post6320370	0.725	Hermocrates	Italian & British English (bilingual)	L1
post6321984	0.575	Hermocrates	Italian & British English (bilingual)	L1
post6264410	0.67	Hermocrates	Italian & British English (bilingual)	L1
post6218142	0.665	Hermocrates	Italian & British English (bilingual)	L1
post1912730	0.68	pizzi	Italian, Italy	L1
post2196856	0.705	martinka! :)	Italian	L1
post3556754	0.635	vega3131	Italian	L1
post4911355	0.71	vega3131	Italian	L1
post6205302	0.62	elenuar	italian	L1
post6207968	0.695	raffica	italiano	L1
post6209975	0.65	pebblespebbles	italiano	L1
post6159531	0.635	Hermocrates	Italian & British English (bilingual)	L1
post6183419	0.54	Hermocrates	Italian & British English (bilingual)	L1
post6170052	0.76	Necsus	Italian (Italy)	L1
post6158746	0.72	Sprocedato	Italian - Rome	L1
post6108774	0.565	Necsus	Italian (Italy)	L1
post6104846	0.715	Sprocedato	Italian - Rome	L1
post1641606	0.675	raffaella	Italy, Italian	L1
post5601179	0.705	Saoul	Italian	L1
post6072941	0.615	miss_sky	Italian	L1
post6054870	0.46	blackjack_bcn	Italian	L1
post6062823	0.66	miss_sky	Italian	L1
post5995328	0.69	mariasilvia	italia	L1
post5795454	0.715	velletri gangsta	romano - italia	L1
post5680554	0.735	Necsus	Italian (Italy)	L1
post5623651	0.695	housecameron	Italian/ Italy	L1
post5611955	0.72	Paolo Yogurt	Italiano, veneto - veronese	L1
post4987597	0.665	SamPisa	Italy, italian	L1
post4990023	0.72	Montesacro	Italiano	L1
post4992207	0.725	SamPisa	Italy, italian	L1
post5579186	0.695	Saoul	Italian	L1
post5580367	0.63	bea555	Italian	L1
post5549923	0.66	SunDraw	Veneto (Italia)	L1
post5550489	0.67	Goldielocks	German	L2
post5527970	0.585	SunDraw	Veneto (Italia)	L1
post5444716	0.58	Sicanius	Italian	L1
post5518137	0.7	SunDraw	Veneto (Italia)	L1
post5467483	0.725	SunDraw	Veneto (Italia)	L1
post5486919	0.755	SunDraw	Veneto (Italia)	L1
post5510862	0.7	Colei che.	Italy Italian	L1
post5490970	0.74	SunDraw	Veneto (Italia)	L1
post5493812	0.725	SunDraw	Veneto (Italia)	L1
post5486242	0.795	SunDraw	Veneto (Italia)	L1
post5476717	0.8	SunDraw	Veneto (Italia)	L1
post5246001	0.71	SunDraw	Veneto (Italia)	L1
post5477005	0.71	SunDraw	Veneto (Italia)	L1
post5453182	0.69	SunDraw	Veneto (Italia)	L1
post5424007	0.695	SunDraw	Veneto (Italia)	L1
post1693404	0.715	sabrinita85	Italian	L1
post1721788	0.735	sabrinita85	Italian	L1
post1727030	0.695	TimeHP	Italian - Italy	L1
post3885091	0.695	la italianilla	Italia	L1
post5394885	0.64	SunDraw	Veneto (Italia)	L1
post5395651	0.775	SunDraw	Veneto (Italia)	L1
post5384177	0.735	SunDraw	Veneto (Italia)	L1
post5389172	0.66	SunDraw	Veneto (Italia)	L1
post5336386	0.7	SunDraw	Veneto (Italia)	L1
post5296116	0.74	SunDraw	Veneto (Italia)	L1
post5288202	0.66	platoelio	Italian	L1
post5240997	0.6	filowelling	italy	L1
post5244299	0.575	filowelling	italy	L1
post5251706	0.78	SunDraw	Veneto (Italia)	L1
post5254124	0.595	filowelling	italy	L1
post5263470	0.74	SunDraw	Veneto (Italia)	L1
post5226288	0.665	rocamadour	Italian	L1
post5244706	0.755	SunDraw	Veneto (Italia)	L1
post5200514	0.63	iretta	Ukrainian-Ukraine	L2
post4873059	0.695	SunDraw	Veneto (Italia)	L1
post5142954	0.63	SunDraw	Veneto (Italia)	L1
post5162614	0.73	SunDraw	Veneto (Italia)	L1
post1864155	0.705	rocamadour	Italian	L1
post5122357	0.73	SunDraw	Veneto (Italia)	L1
post4240618	0.71	Necsus	Italian (Italy)	L1
post4240945	0.71	MünchnerFax	Italian, Italy	L1
post4412102	0.66	la italianilla	Italia	L1
post5077736	0.61	Earendil81	Italian	L1
post5085934	0.73	SunDraw	Veneto (Italia)	L1
post5023887	0.52	SunDraw	Veneto (Italia)	L1
post4987250	0.675	SamPisa	Italy, italian	L1
post4890489	0.66	SunDraw	Veneto (Italia)	L1
post4844693	0.64	SunDraw	Veneto (Italia)	L1
post4891935	0.625	SunDraw	Veneto (Italia)	L1
post4898558	0.715	SunDraw	Veneto (Italia)	L1
post4881519	0.665	vega3131	Italian	L1
post4829421	0.69	franz rod	Italiano	L1
post4813934	0.76	SunDraw	Veneto (Italia)	L1
post4802117	0.8	rocamadour	Italian	L1
post4710838	0.67	Broca's Area	Italian / Italy	L1
post4712715	0.64	Necsus	Italian (Italy)	L1
post1092040	0.725	V52	Italy Italian	L1
post4775629	0.74	mickeybrz	italiano	L1
post4730402	0.755	SunDraw	Veneto (Italia)	L1
post4674584	0.705	rocamadour	Italian	L1
post4653904	0.68	SunDraw	Veneto (Italia)	L1
post4629110	0.71	SunDraw	Veneto (Italia)	L1
post4627901	0.715	Sabrine07	Italian	L1
post4611712	0.715	SunDraw	Veneto (Italia)	L1
post4591720	0.61	SunDraw	Veneto (Italia)	L1
post4583543	0.64	SunDraw	Veneto (Italia)	L1
post4559970	0.81	SunDraw	Veneto (Italia)	L1
post4572528	0.805	SunDraw	Veneto (Italia)	L1
post4540475	0.68	Bluenoric	Italy - Italian	L1
post4558136	0.75	SunDraw	Veneto (Italia)	L1
post4536208	0.655	SunDraw	Veneto (Italia)	L1
post4401086	0.765	MOMO2	Italian	L1
post4412541	0.73	SunDraw	Veneto (Italia)	L1
post4375012	0.72	la italianilla	Italia	L1
post4393715	0.73	la italianilla	Italia	L1
post4395364	0.775	SunDraw	Veneto (Italia)	L1
post4376186	0.605	SunDraw	Veneto (Italia)	L1
post4375966	0.665	SunDraw	Veneto (Italia)	L1
post4359842	0.68	aphaelena	ITALIANO	L1
post4310218	0.7	la italianilla	Italia	L1
post4310580	0.715	la italianilla	Italia	L1
post4321462	0.665	Dubia	Italia	L1
post4254533	0.675	la italianilla	Italia	L1
post4249216	0.685	SunDraw	Veneto (Italia)	L1
post4217893	0.71	Sicily	Spain Spanish	L2
post4160771	0.72	la italianilla	Italia	L1
post893689	0.715	TimLA	English - US	L2
post4183817	0.63	la italianilla	Italia	L1
post4165546	0.705	Cnaeius	Italian, Italy	L1
post4168738	0.705	la italianilla	Italia	L1
post4156685	0.76	SunDraw	Veneto (Italia)	L1
post4144281	0.785	SunDraw	Veneto (Italia)	L1
post4075521	0.55	la italianilla	Italia	L1
post4077393	0.56	la italianilla	Italia	L1
post4108447	0.65	TimLA	English - US	L2
post4117286	0.62	Necsus	Italian (Italy)	L1
post4127443	0.655	bubu7	Italiano	L1
post4127522	0.605	SunDraw	Veneto (Italia)	L1
post4096143	0.675	SunDraw	Veneto (Italia)	L1
post3409347	0.775	SunDraw	Veneto (Italia)	L1
post4012141	0.71	SunDraw	Veneto (Italia)	L1
post3972986	0.735	Paulfromitaly	Italian	L1
post3973351	0.695	SunDraw	Veneto (Italia)	L1
post3991434	0.665	MünchnerFax	Italian, Italy	L1
post3964271	0.68	Necsus	Italian (Italy)	L1
post3974425	0.685	Necsus	Italian (Italy)	L1
post3905304	0.725	Azzurra Beraldo	italiano	L1
post3909442	0.67	Crisidelm	Italy - Italian	L1
post3913867	0.675	Azzurra Beraldo	italiano	L1
post3915271	0.63	Nokta Ombro	Italy - Lombardia; Italiano	L1
post3919013	0.73	Stiannu	Italy, Italian	L1
post3919376	0.67	Azzurra Beraldo	italiano	L1
post3951540	0.77	SunDraw	Veneto (Italia)	L1
post3918760	0.665	Nokta Ombro	Italy - Lombardia; Italiano	L1
post3916909	0.675	la italianilla	Italia	L1
post3867010	0.615	Necsus	Italian (Italy)	L1
post3883240	0.715	Necsus	Italian (Italy)	L1
post3627928	0.73	borz	Hungary	L2
post3871952	0.63	la italianilla	Italia	L1
post3865575	0.65	Stiannu	Italy, Italian	L1
post3787706	0.67	xeneize	Italian	L1
post3778224	0.675	Necsus	Italian (Italy)	L1
post3694638	0.63	cityofgod	ITALY	L1
post3704452	0.7	Stiannu	Italy, Italian	L1
post3684510	0.715	la italianilla	Italia	L1
post2314451	0.73	Broca's Area	Italian / Italy	L1
post3547433	0.67	IrishStar	Italian	L1
post3544125	0.605	SunDraw	Veneto (Italia)	L1
post3443242	0.69	SunDraw	Veneto (Italia)	L1
post2528968	0.585	MünchnerFax	Italian, Italy	L1
post3419860	0.655	SunDraw	Veneto (Italia)	L1
post3409537	0.76	SunDraw	Veneto (Italia)	L1
post3400104	0.685	Snowolf	Italian - Italy	L1
post3289322	0.74	iaiax	italiano	L1
post3226090	0.68	Necsus	Italian (Italy)	L1
post3221586	0.715	stella_maris_74	Italian - Italy	L1
post3026899	0.615	Sicanius	Italian	L1
post3171400	0.63	xeneize	Italian	L1
post3165710	0.575	niklavjus	Italiano (Italia)	L1
post3147375	0.58	xeneize	Italian	L1
post3147684	0.66	xeneize	Italian	L1
post3148515	0.66	xeneize	Italian	L1
post3148748	0.69	Saoul	Italian	L1
post3149011	0.65	xeneize	Italian	L1
post3149121	0.605	Saoul	Italian	L1
post3149405	0.72	xeneize	Italian	L1
post3150064	0.66	Lello4ever	Italia - Italiano	L1
post3150615	0.675	xeneize	Italian	L1
post3141121	0.72	xeneize	Italian	L1
post3141998	0.75	xeneize	Italian	L1
post3142971	0.685	xeneize	Italian	L1
post3143549	0.635	xeneize	Italian	L1
post3144079	0.735	MünchnerFax	Italian, Italy	L1
post3147214	0.645	xeneize	Italian	L1
post3132574	0.69	xeneize	Italian	L1
post3132860	0.66	xeneize	Italian	L1
post3135684	0.72	pomar	Italian	L1
post3137515	0.645	xeneize	Italian	L1
post3127651	0.69	xeneize	Italian	L1
post3113737	0.605	xeneize	Italian	L1
post1951097	0.775	sabrinita85	Italian	L1
post3063639	0.77	SunDraw	Veneto (Italia)	L1
post3059916	0.745	bubu7	Italiano	L1
post3068706	0.695	SunDraw	Veneto (Italia)	L1
post3069553	0.75	bubu7	Italiano	L1
post3061574	0.665	MünchnerFax	Italian, Italy	L1
post3062095	0.76	bubu7	Italiano	L1
post3063138	0.68	SunDraw	Veneto (Italia)	L1
post3038638	0.73	lorenzosu	Roma (Italy), Italian and English bilingual (with Italian as primary language)	L1
post3011838	0.61	Metternich	Czech Republic - Czech	L2
post2960981	0.595	xeneize	Italian	L1
post2963472	0.75	SunDraw	Veneto (Italia)	L1
post2996545	0.645	xeneize	Italian	L1
post2968969	0.69	MünchnerFax	Italian, Italy	L1
post2969421	0.74	Saoul	Italian	L1
post2969672	0.655	Saoul	Italian	L1
post2969759	0.71	Saoul	Italian	L1
post2969914	0.675	Saoul	Italian	L1
post2976473	0.715	bubu7	Italiano	L1
post2950228	0.62	xeneize	Italian	L1
post2900806	0.775	SunDraw	Veneto (Italia)	L1
post2926556	0.69	SunDraw	Veneto (Italia)	L1
post2893383	0.69	SunDraw	Veneto (Italia)	L1
post2837354	0.65	SunDraw	Veneto (Italia)	L1
post2822048	0.73	SunDraw	Veneto (Italia)	L1
post2829578	0.75	SunDraw	Veneto (Italia)	L1
post2789500	0.77	SunDraw	Veneto (Italia)	L1
post2791785	0.735	Necsus	Italian (Italy)	L1
post2789396	0.665	SunDraw	Veneto (Italia)	L1
post2370218	0.665	rocamadour	Italian	L1
post2378450	0.73	bubu7	Italiano	L1
post2757644	0.78	SunDraw	Veneto (Italia)	L1
post2728618	0.745	SunDraw	Veneto (Italia)	L1
post2676047	0.73	DrLindenbrock	Italy; Italian & Am. English	L1
post2663075	0.66	SunDraw	Veneto (Italia)	L1
post1736654	0.73	BlueWolf	Italian	L1
post2505722	0.795	SunDraw	Veneto (Italia)	L1
post2580532	0.695	angelabonora	Italia - italiano	L1
post2584908	0.725	angelabonora	Italia - italiano	L1
post2272815	0.725	rocamadour	Italian	L1
post2612438	0.635	VelistaPerCaso	Italia italiano	L1
post2582145	0.675	Spectre scolaire	Maltese and Russian	L2
post2479215	0.78	SunDraw	Veneto (Italia)	L1
post2473128	0.735	SunDraw	Veneto (Italia)	L1
post2423182	0.71	MünchnerFax	Italian, Italy	L1
post2415513	0.77	bubu7	Italiano	L1
post2374295	0.69	femmejolie	Spanish (Spain)	L2
post2201177	0.755	vikgigio	Italian, Italy	L1
post2345475	0.79	rocamadour	Italian	L1
post1767827	0.725	rocamadour	Italian	L1
post1771764	0.725	Frenko	Italy, Italian	L1
post2262925	0.585	Necsus	Italian (Italy)	L1
post1877948	0.66	angelabonora	Italia - italiano	L1
post2170584	0.725	MünchnerFax	Italian, Italy	L1
post2172464	0.705	BlueWolf	Italian	L1
post2172792	0.6	Verboso	Italiano Italia	L1
post2099128	0.635	Verboso	Italiano Italia	L1
post2060658	0.69	sabrinita85	Italian	L1
post2021495	0.83	kurumin	salvador bahia brasil, brazilian portuguese & tupy	L2
post2017085	0.685	DrLindenbrock	Italy; Italian & Am. English	L1
post2021530	0.685	Necsus	Italian (Italy)	L1
post2017657	0.725	femmejolie	Spanish (Spain)	L2
post2009253	0.625	Necsus	Italian (Italy)	L1
post2005103	0.735	maria nicola	Italian	L1
post1859530	0.535	Necsus	Italian (Italy)	L1
post1871685	0.75	Necsus	Italian (Italy)	L1
post1878025	0.62	stoddard	Italian	L1
post1881575	0.585	daniele712	Italia	L1
post1842840	0.685	carlasimone	spanish	L2
post1840537	0.565	daniele712	Italia	L1
post1837847	0.57	TimLA	English - US	L2
post1803520	0.645	DrLindenbrock	Italy; Italian & Am. English	L1
post1795249	0.79	fiorilù	italian	L1
post1745713	0.585	Necsus	Italian (Italy)	L1
post1711235	0.685	nextdrinkplease	Italy, England	L1
post1719905	0.75	BlueWolf	Italian	L1
post1700601	0.705	daniele712	Italia	L1
post1647276	0.695	minimelis	Turkish, Turkey	L2
post1552684	0.615	Akire72	Italian - Italy	L1
post1553171	0.69	Heliand	ITALY	L1
post1532856	0.555	BlueWolf	Italian	L1
post1535843	0.685	Heliand	ITALY	L1
post1549294	0.705	BlueWolf	Italian	L1
post1542683	0.665	iretta	Ukrainian-Ukraine	L2
post1451146	0.64	DrLindenbrock	Italy; Italian & Am. English	L1
post1453913	0.745	DDT	Italy - Italian	L1
post1458440	0.665	gabrigabri	Italian, Italy (Torino)	L1
post1465888	0.75	eolion	italian italy	L1
post1467034	0.715	Nate in California	USA, San Diego - English	L2
post1493861	0.635	Saoul	Italian	L1
post1337446	0.68	lidia1201	Serbia/serbo	L2
post1338449	0.675	sabrinita85	Italian	L1
post1346405	0.615	andersxman	Denmark/danish	L2
post1303488	0.7	laurika	SK	L2
post1303667	0.5	laurika	SK	L2
post1304693	0.68	claudine2006	Italy Italian	L1
post1291131	0.705	laurika	SK	L2
post1292480	0.725	laurika	SK	L2
post1244962	0.745	moodywop	Italian - Italy	L1
post1245147	0.705	comeunanuvola	Italiano, Italia	L1
post1254319	0.67	Paulfromitaly	Italian	L1
post1255190	0.675	Raphillon	Italy	L1
post1149494	0.765	nowall	Italia, Italiano	L1
post1151174	0.715	moodywop	Italian - Italy	L1
post1247951	0.68	andersxman	Denmark/danish	L2
post1242165	0.66	Necsus	Italian (Italy)	L1
post1218359	0.735	moodywop	Italian - Italy	L1
post1222127	0.76	Necsus	Italian (Italy)	L1
post1185489	0.695	Saoul	Italian	L1
post1092715	0.64	moodywop	Italian - Italy	L1
post1072104	0.685	TimLA	English - US	L2
post1074010	0.73	Fiottolino	Italiano	L1
post884979	0.745	Jana337	čeština	L2
post1021135	0.67	TimLA	English - US	L2
post1024702	0.64	Astridis	Italian - Italy	L1
post998313	0.69	ceci 79	Italian, Italy	L1
post898841	0.63	Elisa68	Italian	L1
post855971	0.74	Cnaeius	Italian, Italy	L1
post846637	0.72	TimLA	English - US	L2
post788677	0.61	Astridis	Italian - Italy	L1
post827740	0.63	Idioteque	Italy - Italian	L1
post777590	0.68	Bastoune	French & English - Canada	L2
post775625	0.62	moodywop	Italian - Italy	L1
post790448	0.71	Silvia	Italian	L1
post790449	0.64	Silvia	Italian	L1
post790451	0.695	Silvia	Italian	L1
